class,image_path,name,xmax,xmin,ymax,ymin
3.0,4a48c42c9579ec0399e6c5a3e825e765.jpg,GARBAGE,1594.0,1402.0,524.0,422.0
3.0,4a48c42c9579ec0399e6c5a3e825e765.jpg,GARBAGE,1864.0,1572.0,658.0,476.0
3.0,4a48c42c9579ec0399e6c5a3e825e765.jpg,GARBAGE,1472.0,1314.0,550.0,458.0
7.0,ea906a663da6321bcef78be4b7d1afff.jpg,BAD_BILLBOARD,1972.0,1572.0,272.0,0.0
8.0,1c7d48005a12d1b19261b8e71df7cafe.jpg,SAND_ON_ROAD,1334.0,1098.0,456.0,358.0
8.0,1c7d48005a12d1b19261b8e71df7cafe.jpg,SAND_ON_ROAD,1598.0,1256.0,476.0,352.0
8.0,8ca1b825716ea6755180fde347ac79c1.jpg,SAND_ON_ROAD,1064.0,868.0,392.0,294.0
0.0,8ca1b825716ea6755180fde347ac79c1.jpg,GRAFFITI,1098.0,942.0,354.0,262.0
0.0,8ca1b825716ea6755180fde347ac79c1.jpg,GRAFFITI,1334.0,1130.0,364.0,246.0
2.0,e1f3026bc4b1689d81f03e92e9043c2b.jpg,POTHOLES,1682.0,1280.0,816.0,568.0
3.0,c12b006174423ceb3e2e3563a8ca7751.jpg,GARBAGE,1196.0,936.0,1114.0,974.0
3.0,7fb40d10dde6d5643aa8e197b6b46c2e.jpg,GARBAGE,1702.0,1382.0,448.0,314.0
3.0,7fb40d10dde6d5643aa8e197b6b46c2e.jpg,GARBAGE,1330.0,1232.0,440.0,326.0
3.0,f05cd6411a3509a5ddc9d9a52536df01.jpg,GARBAGE,1848.0,1628.0,532.0,360.0
2.0,f05cd6411a3509a5ddc9d9a52536df01.jpg,POTHOLES,734.0,396.0,598.0,480.0
3.0,b08b7961553eac0b24c7e871836fad9c.jpg,GARBAGE,500.0,144.0,676.0,496.0
3.0,b08b7961553eac0b24c7e871836fad9c.jpg,GARBAGE,210.0,-42.0,672.0,512.0
3.0,b08b7961553eac0b24c7e871836fad9c.jpg,GARBAGE,640.0,372.0,676.0,510.0
3.0,b08b7961553eac0b24c7e871836fad9c.jpg,GARBAGE,882.0,648.0,674.0,520.0
3.0,b08b7961553eac0b24c7e871836fad9c.jpg,GARBAGE,1030.0,800.0,660.0,530.0
3.0,b08b7961553eac0b24c7e871836fad9c.jpg,GARBAGE,1398.0,1228.0,664.0,538.0
9.0,467758955ec29fa2475ef6887c29b751.jpg,CLUTTER_SIDEWALK,990.0,222.0,624.0,404.0
9.0,467758955ec29fa2475ef6887c29b751.jpg,CLUTTER_SIDEWALK,1886.0,772.0,670.0,398.0
7.0,9d100eb428edef6626df335ebf4a9def.jpg,BAD_BILLBOARD,1876.0,1446.0,336.0,68.0
9.0,6d75b772e8a8857fc8b1151c3cbe2f99.jpg,CLUTTER_SIDEWALK,930.0,0.0,796.0,624.0
9.0,6d75b772e8a8857fc8b1151c3cbe2f99.jpg,CLUTTER_SIDEWALK,1338.0,612.0,738.0,620.0
9.0,6d75b772e8a8857fc8b1151c3cbe2f99.jpg,CLUTTER_SIDEWALK,1960.0,1088.0,780.0,588.0
3.0,8b4f8d79a3cc1144cab8f88a478e171b.jpg,GARBAGE,1392.0,934.0,652.0,430.0
3.0,8b4f8d79a3cc1144cab8f88a478e171b.jpg,GARBAGE,1042.0,824.0,882.0,736.0
4.0,cbc51ac48e7d68a22d17837af794cffa.jpg,CONSTRUCTION_ROAD,1074.0,-80.0,904.0,324.0
4.0,cbc51ac48e7d68a22d17837af794cffa.jpg,CONSTRUCTION_ROAD,2120.0,564.0,874.0,374.0
8.0,ee3c87485169dbd1a19e5911e67390f6.jpg,SAND_ON_ROAD,1136.0,958.0,448.0,332.0
3.0,ee3c87485169dbd1a19e5911e67390f6.jpg,GARBAGE,1368.0,1150.0,586.0,440.0
3.0,ee3c87485169dbd1a19e5911e67390f6.jpg,GARBAGE,190.0,68.0,458.0,382.0
2.0,f6e45cdb24e1bfc3214308ff1ddd2de2.jpg,POTHOLES,1290.0,824.0,1178.0,646.0
2.0,f6e45cdb24e1bfc3214308ff1ddd2de2.jpg,POTHOLES,1564.0,1166.0,1138.0,676.0
0.0,beb51ff57e6429ea85c715e5b381deeb.jpg,GRAFFITI,1992.0,1536.0,380.0,64.0
3.0,beb51ff57e6429ea85c715e5b381deeb.jpg,GARBAGE,792.0,612.0,752.0,620.0
5.0,9ec0107501b37091e28853fafd3bec87.jpg,BROKEN_SIGNAGE,1366.0,1132.0,578.0,418.0
2.0,3fe43374bd1816998ad96704da640c60.jpg,POTHOLES,1796.0,758.0,1052.0,624.0
2.0,3fe43374bd1816998ad96704da640c60.jpg,POTHOLES,462.0,-106.0,1150.0,764.0
2.0,3fe43374bd1816998ad96704da640c60.jpg,POTHOLES,644.0,310.0,1080.0,900.0
4.0,bc2e9e57a48ebccec901fb8a3822a1eb.jpg,CONSTRUCTION_ROAD,2054.0,1190.0,702.0,244.0
4.0,bc2e9e57a48ebccec901fb8a3822a1eb.jpg,CONSTRUCTION_ROAD,286.0,-80.0,614.0,206.0
7.0,bc2e9e57a48ebccec901fb8a3822a1eb.jpg,BAD_BILLBOARD,1444.0,1230.0,362.0,274.0
7.0,bc2e9e57a48ebccec901fb8a3822a1eb.jpg,BAD_BILLBOARD,1344.0,1086.0,376.0,268.0
3.0,df61a2072657c6babd6d3f68cffbdf2e.jpg,GARBAGE,1800.0,1626.0,520.0,386.0
0.0,df61a2072657c6babd6d3f68cffbdf2e.jpg,GRAFFITI,1930.0,1650.0,484.0,328.0
3.0,df61a2072657c6babd6d3f68cffbdf2e.jpg,GARBAGE,1668.0,1510.0,538.0,422.0
3.0,f0e0bd29cb5c035d5bd0dad5d1dc6f49.jpg,GARBAGE,1038.0,934.0,448.0,330.0
3.0,74819fbb61d24c7e3887885c5f07d8db.jpg,GARBAGE,652.0,524.0,624.0,532.0
3.0,74819fbb61d24c7e3887885c5f07d8db.jpg,GARBAGE,1490.0,1324.0,844.0,752.0
3.0,4218ea76033c0d0612ba5d68bdcacaa7.jpg,GARBAGE,1678.0,1286.0,520.0,392.0
3.0,4218ea76033c0d0612ba5d68bdcacaa7.jpg,GARBAGE,1452.0,1126.0,510.0,396.0
3.0,4218ea76033c0d0612ba5d68bdcacaa7.jpg,GARBAGE,1192.0,1036.0,498.0,390.0
0.0,4218ea76033c0d0612ba5d68bdcacaa7.jpg,GRAFFITI,1460.0,1040.0,468.0,288.0
3.0,bd12de2d2c008b2c5f16f3c16af1b5a1.jpg,GARBAGE,874.0,780.0,480.0,392.0
3.0,bd12de2d2c008b2c5f16f3c16af1b5a1.jpg,GARBAGE,598.0,438.0,562.0,434.0
9.0,782429d6375c7e7b9a6875d6c1528c1a.jpg,CLUTTER_SIDEWALK,666.0,230.0,478.0,312.0
9.0,782429d6375c7e7b9a6875d6c1528c1a.jpg,CLUTTER_SIDEWALK,1510.0,1046.0,520.0,336.0
4.0,1b39cbe0913f552cefe1c254991720b1.jpg,CONSTRUCTION_ROAD,1250.0,-234.0,998.0,300.0
4.0,1b39cbe0913f552cefe1c254991720b1.jpg,CONSTRUCTION_ROAD,2074.0,720.0,1164.0,158.0
7.0,a33a221e5394da9294b9b3a6c815608b.jpg,BAD_BILLBOARD,680.0,272.0,512.0,302.0
3.0,e0691951be7371f43c3aa4bf7d684f7d.jpg,GARBAGE,1636.0,1412.0,798.0,666.0
3.0,e0691951be7371f43c3aa4bf7d684f7d.jpg,GARBAGE,1472.0,1272.0,744.0,514.0
3.0,e0691951be7371f43c3aa4bf7d684f7d.jpg,GARBAGE,1378.0,1058.0,786.0,606.0
7.0,abeec3825d4a59a2404492d1f8095732.jpg,BAD_BILLBOARD,1564.0,1190.0,368.0,188.0
7.0,abeec3825d4a59a2404492d1f8095732.jpg,BAD_BILLBOARD,1842.0,1586.0,376.0,194.0
7.0,abeec3825d4a59a2404492d1f8095732.jpg,BAD_BILLBOARD,1338.0,1128.0,356.0,230.0
7.0,abeec3825d4a59a2404492d1f8095732.jpg,BAD_BILLBOARD,1328.0,1144.0,436.0,302.0
9.0,b3cc08ddf4d48858afba0750bc68d33e.jpg,CLUTTER_SIDEWALK,922.0,514.0,538.0,388.0
9.0,b3cc08ddf4d48858afba0750bc68d33e.jpg,CLUTTER_SIDEWALK,696.0,192.0,644.0,426.0
9.0,b3cc08ddf4d48858afba0750bc68d33e.jpg,CLUTTER_SIDEWALK,402.0,14.0,734.0,476.0
9.0,61b9703264d680a9675a6e9c93843690.jpg,CLUTTER_SIDEWALK,538.0,216.0,492.0,368.0
9.0,61b9703264d680a9675a6e9c93843690.jpg,CLUTTER_SIDEWALK,348.0,-42.0,564.0,358.0
3.0,d031ed0dd9382f2c8237cafbabeaac66.jpg,GARBAGE,330.0,164.0,794.0,632.0
0.0,b079df7a0c498c361028fc7e97e31034.jpg,GRAFFITI,1428.0,1252.0,480.0,306.0
0.0,f60f46f4ad0735d5ea79a9e0d91cfb39.jpg,GRAFFITI,936.0,700.0,370.0,238.0
0.0,f60f46f4ad0735d5ea79a9e0d91cfb39.jpg,GRAFFITI,1026.0,854.0,350.0,246.0
0.0,f60f46f4ad0735d5ea79a9e0d91cfb39.jpg,GRAFFITI,1172.0,1002.0,352.0,220.0
3.0,cd64144b5f4950113e887fa74c1c7d24.jpg,GARBAGE,1370.0,1230.0,510.0,432.0
3.0,cd64144b5f4950113e887fa74c1c7d24.jpg,GARBAGE,1498.0,1374.0,664.0,546.0
3.0,cd64144b5f4950113e887fa74c1c7d24.jpg,GARBAGE,1492.0,1380.0,532.0,434.0
3.0,ca43bf28ce699b15ffbf89b69a89f3ef.jpg,GARBAGE,1338.0,706.0,408.0,308.0
3.0,259d85cc9b38d649c8fd2d1a8aca1c16.jpg,GARBAGE,570.0,450.0,510.0,422.0
0.0,e36ea4d90a6c3275af7393b209a47ac1.jpg,GRAFFITI,1974.0,1574.0,410.0,262.0
3.0,55d207b4843a5d0334dd3c8bbe4fe616.jpg,GARBAGE,1364.0,1022.0,470.0,250.0
3.0,55d207b4843a5d0334dd3c8bbe4fe616.jpg,GARBAGE,1054.0,830.0,458.0,272.0
3.0,55d207b4843a5d0334dd3c8bbe4fe616.jpg,GARBAGE,836.0,616.0,408.0,254.0
3.0,55d207b4843a5d0334dd3c8bbe4fe616.jpg,GARBAGE,504.0,286.0,442.0,242.0
2.0,55d207b4843a5d0334dd3c8bbe4fe616.jpg,POTHOLES,1510.0,640.0,1134.0,630.0
2.0,55d207b4843a5d0334dd3c8bbe4fe616.jpg,POTHOLES,850.0,6.0,1062.0,588.0
2.0,55d207b4843a5d0334dd3c8bbe4fe616.jpg,POTHOLES,930.0,620.0,966.0,622.0
2.0,55d207b4843a5d0334dd3c8bbe4fe616.jpg,POTHOLES,1572.0,1132.0,1140.0,736.0
3.0,e7c44d1cb8519bcba132223b90e73bf8.jpg,GARBAGE,956.0,802.0,570.0,442.0
3.0,e7c44d1cb8519bcba132223b90e73bf8.jpg,GARBAGE,232.0,140.0,906.0,814.0
3.0,acfd67a6c4fa0e79b1df6f812e194b48.jpg,GARBAGE,238.0,100.0,752.0,620.0
3.0,7caec937db266ace0466635c30c246c8.jpg,GARBAGE,1076.0,796.0,702.0,554.0
3.0,7caec937db266ace0466635c30c246c8.jpg,GARBAGE,802.0,694.0,706.0,606.0
3.0,7caec937db266ace0466635c30c246c8.jpg,GARBAGE,304.0,196.0,344.0,232.0
3.0,7caec937db266ace0466635c30c246c8.jpg,GARBAGE,144.0,-26.0,344.0,210.0
3.0,7caec937db266ace0466635c30c246c8.jpg,GARBAGE,832.0,676.0,424.0,348.0
4.0,382632315c7400b3ae1eed539a23e892.jpg,CONSTRUCTION_ROAD,916.0,734.0,482.0,346.0
4.0,382632315c7400b3ae1eed539a23e892.jpg,CONSTRUCTION_ROAD,696.0,-158.0,690.0,112.0
3.0,bedd90aa6c2e7f81cab0e6f7a3e415df.jpg,GARBAGE,320.0,170.0,586.0,464.0
3.0,bedd90aa6c2e7f81cab0e6f7a3e415df.jpg,GARBAGE,392.0,266.0,570.0,446.0
4.0,63352e0656131f18bf32a8198d265bc5.jpg,CONSTRUCTION_ROAD,1014.0,16.0,718.0,328.0
4.0,63352e0656131f18bf32a8198d265bc5.jpg,CONSTRUCTION_ROAD,1974.0,1138.0,642.0,344.0
2.0,82316aaeafc6a37767657489875238b4.jpg,POTHOLES,712.0,90.0,1002.0,692.0
2.0,82316aaeafc6a37767657489875238b4.jpg,POTHOLES,1516.0,786.0,1120.0,750.0
3.0,82316aaeafc6a37767657489875238b4.jpg,GARBAGE,1216.0,944.0,1072.0,838.0
2.0,91cdd59f70c6439fe7d5971effd124a7.jpg,POTHOLES,652.0,86.0,944.0,602.0
7.0,91cdd59f70c6439fe7d5971effd124a7.jpg,BAD_BILLBOARD,1682.0,1540.0,402.0,272.0
7.0,91cdd59f70c6439fe7d5971effd124a7.jpg,BAD_BILLBOARD,1256.0,1158.0,426.0,352.0
7.0,f677bc005c07a7f193aeb6b4446d8c62.jpg,BAD_BILLBOARD,1110.0,798.0,456.0,318.0
2.0,4ff403c16bbb59d06815210cd5359333.jpg,POTHOLES,692.0,304.0,530.0,362.0
4.0,35426050b5eb788be2aee8bccf30a7b8.jpg,CONSTRUCTION_ROAD,2636.0,-652.0,1184.0,202.0
2.0,69f337b812a9fd61825b6d91c7bb3a07.jpg,POTHOLES,1714.0,1256.0,906.0,538.0
2.0,69f337b812a9fd61825b6d91c7bb3a07.jpg,POTHOLES,1360.0,1034.0,982.0,636.0
9.0,5c83c39501259cf1f2e092f165f306f8.jpg,CLUTTER_SIDEWALK,816.0,356.0,476.0,332.0
9.0,5c83c39501259cf1f2e092f165f306f8.jpg,CLUTTER_SIDEWALK,1032.0,664.0,492.0,328.0
0.0,38e6551fd3fc84bba6248723aa3a0744.jpg,GRAFFITI,756.0,530.0,592.0,462.0
3.0,9d607798d2d4c0806f7fa9ab9dc6491b.jpg,GARBAGE,722.0,626.0,348.0,290.0
7.0,9d607798d2d4c0806f7fa9ab9dc6491b.jpg,BAD_BILLBOARD,1416.0,1022.0,364.0,134.0
7.0,9d607798d2d4c0806f7fa9ab9dc6491b.jpg,BAD_BILLBOARD,1624.0,1276.0,350.0,166.0
2.0,1ecacdec8ef875a2047bb6ba22443de1.jpg,POTHOLES,592.0,-142.0,786.0,412.0
2.0,1ecacdec8ef875a2047bb6ba22443de1.jpg,POTHOLES,666.0,432.0,550.0,356.0
2.0,1ecacdec8ef875a2047bb6ba22443de1.jpg,POTHOLES,1094.0,702.0,644.0,456.0
3.0,1ecacdec8ef875a2047bb6ba22443de1.jpg,GARBAGE,968.0,824.0,452.0,336.0
8.0,1ecacdec8ef875a2047bb6ba22443de1.jpg,SAND_ON_ROAD,1798.0,1088.0,482.0,194.0
3.0,68dee6cb43cbc7680c69a309992f947a.jpg,GARBAGE,660.0,346.0,602.0,420.0
3.0,68dee6cb43cbc7680c69a309992f947a.jpg,GARBAGE,922.0,732.0,620.0,498.0
0.0,68dee6cb43cbc7680c69a309992f947a.jpg,GRAFFITI,414.0,172.0,440.0,266.0
9.0,cbe3dfb20e83df28dd4633c976fdb427.jpg,CLUTTER_SIDEWALK,1180.0,402.0,528.0,346.0
9.0,cbe3dfb20e83df28dd4633c976fdb427.jpg,CLUTTER_SIDEWALK,1696.0,860.0,484.0,324.0
3.0,db1a3bbb58f94a47e71a9c66659db183.jpg,GARBAGE,820.0,718.0,492.0,418.0
3.0,db1a3bbb58f94a47e71a9c66659db183.jpg,GARBAGE,516.0,288.0,536.0,456.0
3.0,df47a2df1383777a4c944f37ce567670.jpg,GARBAGE,1844.0,1618.0,434.0,312.0
3.0,df47a2df1383777a4c944f37ce567670.jpg,GARBAGE,1506.0,1330.0,410.0,304.0
3.0,1dd55d643aacdb27ad700b9f2ef6a631.jpg,GARBAGE,1856.0,1532.0,708.0,546.0
3.0,1dd55d643aacdb27ad700b9f2ef6a631.jpg,GARBAGE,1320.0,1186.0,944.0,844.0
3.0,1dd55d643aacdb27ad700b9f2ef6a631.jpg,GARBAGE,1226.0,984.0,782.0,630.0
3.0,8ee2038d392b86e38bf8cd02bafe3041.jpg,GARBAGE,714.0,460.0,780.0,598.0
9.0,fd845ce9b0fc04db73d03844b627de8a.jpg,CLUTTER_SIDEWALK,888.0,118.0,730.0,416.0
9.0,fd845ce9b0fc04db73d03844b627de8a.jpg,CLUTTER_SIDEWALK,1788.0,804.0,706.0,390.0
8.0,eb81c4e77e0138e53ae2e118c225bbb8.jpg,SAND_ON_ROAD,1560.0,964.0,450.0,172.0
0.0,3f73a96a4a26927f824f6b93d7cdf703.jpg,GRAFFITI,1574.0,1136.0,560.0,302.0
0.0,3f73a96a4a26927f824f6b93d7cdf703.jpg,GRAFFITI,2056.0,1390.0,596.0,318.0
0.0,3f73a96a4a26927f824f6b93d7cdf703.jpg,GRAFFITI,1600.0,1396.0,588.0,324.0
0.0,3f73a96a4a26927f824f6b93d7cdf703.jpg,GRAFFITI,1804.0,972.0,766.0,392.0
3.0,3f73a96a4a26927f824f6b93d7cdf703.jpg,GARBAGE,1952.0,1776.0,918.0,776.0
3.0,be4252ee56467c82437b3ac109f89258.jpg,GARBAGE,1854.0,1540.0,518.0,376.0
3.0,be4252ee56467c82437b3ac109f89258.jpg,GARBAGE,1486.0,1330.0,514.0,392.0
0.0,8cab7d5e9825ae6afa7ff2ad8078dee4.jpg,GRAFFITI,890.0,-204.0,492.0,106.0
3.0,998aae75a69cdc2ad2a3079f744cf19f.jpg,GARBAGE,750.0,532.0,720.0,540.0
9.0,0e2feddfa6d13e4c3d409d8a6df4a59a.jpg,CLUTTER_SIDEWALK,682.0,384.0,538.0,396.0
9.0,0e2feddfa6d13e4c3d409d8a6df4a59a.jpg,CLUTTER_SIDEWALK,546.0,10.0,614.0,392.0
9.0,e406093329573c21614dfeab08aa1abe.jpg,CLUTTER_SIDEWALK,824.0,238.0,668.0,466.0
9.0,e406093329573c21614dfeab08aa1abe.jpg,CLUTTER_SIDEWALK,1630.0,682.0,714.0,418.0
9.0,e406093329573c21614dfeab08aa1abe.jpg,CLUTTER_SIDEWALK,1958.0,1314.0,682.0,472.0
8.0,a63966534cf4929cb550bcbacd18424e.jpg,SAND_ON_ROAD,466.0,-72.0,744.0,424.0
7.0,f3824e6e749dbf4010d591526e581159.jpg,BAD_BILLBOARD,1862.0,1608.0,338.0,128.0
7.0,f3824e6e749dbf4010d591526e581159.jpg,BAD_BILLBOARD,1402.0,1220.0,380.0,238.0
7.0,f3824e6e749dbf4010d591526e581159.jpg,BAD_BILLBOARD,1430.0,1240.0,314.0,168.0
8.0,471dc72d27696d978344841966998f23.jpg,SAND_ON_ROAD,770.0,434.0,466.0,286.0
8.0,471dc72d27696d978344841966998f23.jpg,SAND_ON_ROAD,1070.0,754.0,474.0,348.0
8.0,471dc72d27696d978344841966998f23.jpg,SAND_ON_ROAD,1362.0,962.0,462.0,336.0
8.0,471dc72d27696d978344841966998f23.jpg,SAND_ON_ROAD,498.0,62.0,506.0,290.0
4.0,641caad45035c1880633d363f3a5fcac.jpg,CONSTRUCTION_ROAD,662.0,210.0,548.0,334.0
4.0,641caad45035c1880633d363f3a5fcac.jpg,CONSTRUCTION_ROAD,2006.0,314.0,874.0,252.0
0.0,522cafccf5576f5604a2652a0dcf722d.jpg,GRAFFITI,1148.0,304.0,632.0,160.0
0.0,522cafccf5576f5604a2652a0dcf722d.jpg,GRAFFITI,1698.0,686.0,716.0,312.0
0.0,522cafccf5576f5604a2652a0dcf722d.jpg,GRAFFITI,2082.0,1284.0,764.0,230.0
10.0,522cafccf5576f5604a2652a0dcf722d.jpg,UNKEPT_FACADE,634.0,40.0,390.0,44.0
10.0,522cafccf5576f5604a2652a0dcf722d.jpg,UNKEPT_FACADE,1884.0,1080.0,352.0,56.0
3.0,55b6ff8a233ca8d54744f574b992d180.jpg,GARBAGE,1630.0,1540.0,398.0,316.0
3.0,094fdf4fbf2081a81d1d3d055b4f8800.jpg,GARBAGE,834.0,696.0,570.0,420.0
2.0,e72991910ba624603c7191e118afe560.jpg,POTHOLES,340.0,106.0,814.0,642.0
2.0,e72991910ba624603c7191e118afe560.jpg,POTHOLES,578.0,152.0,726.0,468.0
2.0,e72991910ba624603c7191e118afe560.jpg,POTHOLES,518.0,386.0,534.0,404.0
2.0,e72991910ba624603c7191e118afe560.jpg,POTHOLES,1810.0,1326.0,684.0,462.0
2.0,6df1e33c4e4d929177f4c575d178e638.jpg,POTHOLES,830.0,600.0,1028.0,642.0
2.0,6df1e33c4e4d929177f4c575d178e638.jpg,POTHOLES,1256.0,678.0,982.0,754.0
7.0,3cfbd1b318d5a246f82e31d6b182da54.jpg,BAD_BILLBOARD,1420.0,1112.0,376.0,134.0
7.0,3cfbd1b318d5a246f82e31d6b182da54.jpg,BAD_BILLBOARD,1990.0,1312.0,226.0,-48.0
3.0,3cfbd1b318d5a246f82e31d6b182da54.jpg,GARBAGE,1740.0,1556.0,772.0,636.0
9.0,55a0c5e6238c1184dfb82f33783e97da.jpg,CLUTTER_SIDEWALK,938.0,-184.0,774.0,334.0
3.0,145bf4b86cec2b3c547e9c82fcd80119.jpg,GARBAGE,380.0,160.0,610.0,486.0
3.0,cc9802d1998c74e7d7a80d55ce5eafe0.jpg,GARBAGE,1662.0,1218.0,906.0,622.0
3.0,cc9802d1998c74e7d7a80d55ce5eafe0.jpg,GARBAGE,1860.0,1570.0,844.0,736.0
0.0,cc9802d1998c74e7d7a80d55ce5eafe0.jpg,GRAFFITI,1574.0,1326.0,590.0,422.0
0.0,cc9802d1998c74e7d7a80d55ce5eafe0.jpg,GRAFFITI,1444.0,1198.0,558.0,442.0
0.0,6572b86e2863c2324d4ac002b8ca6bab.jpg,GRAFFITI,394.0,202.0,574.0,458.0
4.0,c933e0c736bd2f689340c34ed6446ef3.jpg,CONSTRUCTION_ROAD,1434.0,682.0,534.0,296.0
7.0,3cc67ca70be2c13f8b405da8ad45511b.jpg,BAD_BILLBOARD,1920.0,1606.0,424.0,294.0
7.0,c5c3f29cd87865bcb93f0d86dad89dc1.jpg,BAD_BILLBOARD,2206.0,490.0,828.0,-222.0
0.0,c10f5c5f8ee5b72be3c6930019687b67.jpg,GRAFFITI,1534.0,1290.0,462.0,314.0
3.0,b8a7a9c4ecd91abc304fcbb58495b8e5.jpg,GARBAGE,428.0,330.0,552.0,442.0
4.0,e3c3f30cdce9a59c92fa3dc1d07dc54f.jpg,CONSTRUCTION_ROAD,1036.0,-136.0,788.0,304.0
4.0,e3c3f30cdce9a59c92fa3dc1d07dc54f.jpg,CONSTRUCTION_ROAD,1394.0,620.0,750.0,318.0
9.0,6c28b02480fabed35971144f52265328.jpg,CLUTTER_SIDEWALK,400.0,32.0,352.0,254.0
9.0,6c28b02480fabed35971144f52265328.jpg,CLUTTER_SIDEWALK,1096.0,404.0,374.0,250.0
9.0,6c28b02480fabed35971144f52265328.jpg,CLUTTER_SIDEWALK,1696.0,1146.0,416.0,256.0
7.0,2d3b6a997226d959814db4ff2213beea.jpg,BAD_BILLBOARD,1892.0,1402.0,324.0,66.0
9.0,5d8f08a7c53212edd10e3cb86009d08e.jpg,CLUTTER_SIDEWALK,678.0,-74.0,564.0,374.0
9.0,5d8f08a7c53212edd10e3cb86009d08e.jpg,CLUTTER_SIDEWALK,1216.0,484.0,570.0,374.0
9.0,5d8f08a7c53212edd10e3cb86009d08e.jpg,CLUTTER_SIDEWALK,1794.0,1100.0,604.0,406.0
3.0,1b8abef594c2f9bc067c3091d56916b1.jpg,GARBAGE,1426.0,1196.0,608.0,422.0
3.0,1b8abef594c2f9bc067c3091d56916b1.jpg,GARBAGE,192.0,-28.0,564.0,382.0
3.0,1b8abef594c2f9bc067c3091d56916b1.jpg,GARBAGE,280.0,108.0,612.0,372.0
8.0,1b8abef594c2f9bc067c3091d56916b1.jpg,SAND_ON_ROAD,624.0,346.0,596.0,414.0
3.0,68f8c1d1a87686ee7b6a22cc1ec4cf51.jpg,GARBAGE,672.0,542.0,698.0,578.0
3.0,62b46e15f86840cef61f8f6563536fb9.jpg,GARBAGE,800.0,620.0,572.0,476.0
3.0,62b46e15f86840cef61f8f6563536fb9.jpg,GARBAGE,864.0,740.0,624.0,536.0
0.0,62b46e15f86840cef61f8f6563536fb9.jpg,GRAFFITI,1028.0,840.0,360.0,236.0
0.0,62b46e15f86840cef61f8f6563536fb9.jpg,GRAFFITI,1202.0,1092.0,378.0,258.0
3.0,6034f49fb46042b0ec8b2c52c7f2c657.jpg,GARBAGE,224.0,68.0,520.0,432.0
0.0,f28ff3dc7b418d864d92851a01de2d27.jpg,GRAFFITI,1080.0,106.0,408.0,114.0
0.0,f28ff3dc7b418d864d92851a01de2d27.jpg,GRAFFITI,1608.0,1196.0,456.0,248.0
0.0,f28ff3dc7b418d864d92851a01de2d27.jpg,GRAFFITI,1844.0,1434.0,472.0,210.0
10.0,f28ff3dc7b418d864d92851a01de2d27.jpg,UNKEPT_FACADE,1814.0,1002.0,574.0,300.0
10.0,f28ff3dc7b418d864d92851a01de2d27.jpg,UNKEPT_FACADE,1268.0,330.0,538.0,300.0
5.0,5b423ae5c1cf5a14010254b708f0203c.jpg,BROKEN_SIGNAGE,1334.0,1180.0,522.0,332.0
9.0,3b09a6afae7d36e58fc5315b5acd5053.jpg,CLUTTER_SIDEWALK,976.0,156.0,558.0,312.0
9.0,3b09a6afae7d36e58fc5315b5acd5053.jpg,CLUTTER_SIDEWALK,1534.0,652.0,566.0,306.0
9.0,3b09a6afae7d36e58fc5315b5acd5053.jpg,CLUTTER_SIDEWALK,1988.0,1180.0,538.0,288.0
7.0,4475ace22be4be1b8f343ec6005c9852.jpg,BAD_BILLBOARD,1770.0,1296.0,494.0,266.0
7.0,4475ace22be4be1b8f343ec6005c9852.jpg,BAD_BILLBOARD,1976.0,1622.0,494.0,270.0
3.0,e23a7f18f969a46a90ae2430a2a5f169.jpg,GARBAGE,722.0,562.0,636.0,506.0
3.0,e23a7f18f969a46a90ae2430a2a5f169.jpg,GARBAGE,682.0,436.0,730.0,534.0
9.0,88e49d3a014221186e4882f1f10f9ea4.jpg,CLUTTER_SIDEWALK,756.0,68.0,622.0,404.0
9.0,88e49d3a014221186e4882f1f10f9ea4.jpg,CLUTTER_SIDEWALK,1770.0,402.0,678.0,374.0
3.0,88e49d3a014221186e4882f1f10f9ea4.jpg,GARBAGE,278.0,60.0,530.0,386.0
3.0,da83d6c10fbf98ec923c8089398121fd.jpg,GARBAGE,1750.0,1332.0,564.0,254.0
3.0,da83d6c10fbf98ec923c8089398121fd.jpg,GARBAGE,1536.0,1170.0,566.0,260.0
3.0,da83d6c10fbf98ec923c8089398121fd.jpg,GARBAGE,428.0,150.0,542.0,340.0
3.0,da83d6c10fbf98ec923c8089398121fd.jpg,GARBAGE,254.0,-40.0,590.0,380.0
3.0,aa45ab55354218590bcf350f8f9e8101.jpg,GARBAGE,1444.0,1074.0,996.0,794.0
4.0,737e9f6ef06962b76e54f3cfb7ea620c.jpg,CONSTRUCTION_ROAD,890.0,718.0,476.0,346.0
4.0,737e9f6ef06962b76e54f3cfb7ea620c.jpg,CONSTRUCTION_ROAD,802.0,382.0,524.0,270.0
4.0,737e9f6ef06962b76e54f3cfb7ea620c.jpg,CONSTRUCTION_ROAD,638.0,-42.0,622.0,152.0
7.0,c79cff658f4040b210e57173c00a60e7.jpg,BAD_BILLBOARD,756.0,314.0,462.0,72.0
3.0,40963a7db20ad00dd22cc286bbf8513f.jpg,GARBAGE,414.0,296.0,346.0,242.0
0.0,624d3575f86963e635cbd306b90af923.jpg,GRAFFITI,842.0,378.0,436.0,192.0
2.0,fb7b771387f1e5090534ae2ad78f7e5b.jpg,POTHOLES,1556.0,1006.0,804.0,504.0
2.0,fb7b771387f1e5090534ae2ad78f7e5b.jpg,POTHOLES,1866.0,1310.0,756.0,558.0
7.0,9f5dd9884a6bad7133554796fff53661.jpg,BAD_BILLBOARD,1922.0,1320.0,242.0,-10.0
7.0,9f5dd9884a6bad7133554796fff53661.jpg,BAD_BILLBOARD,1550.0,1276.0,282.0,52.0
7.0,9f5dd9884a6bad7133554796fff53661.jpg,BAD_BILLBOARD,1366.0,1096.0,360.0,198.0
7.0,9f5dd9884a6bad7133554796fff53661.jpg,BAD_BILLBOARD,1250.0,1068.0,368.0,262.0
7.0,9f5dd9884a6bad7133554796fff53661.jpg,BAD_BILLBOARD,536.0,212.0,386.0,272.0
7.0,9f5dd9884a6bad7133554796fff53661.jpg,BAD_BILLBOARD,1140.0,976.0,400.0,294.0
7.0,325db3681c6661b028fb1c055b906c60.jpg,BAD_BILLBOARD,946.0,544.0,488.0,302.0
7.0,5394c995f20f690020b7969e1cbbc0ff.jpg,BAD_BILLBOARD,1468.0,1152.0,444.0,376.0
3.0,6fda45fcd9c734e41732480c518ab2a5.jpg,GARBAGE,1072.0,940.0,686.0,596.0
3.0,6fda45fcd9c734e41732480c518ab2a5.jpg,GARBAGE,324.0,178.0,758.0,662.0
3.0,1641aff7eaf7d87adb61255bd2c58b03.jpg,GARBAGE,762.0,618.0,490.0,408.0
2.0,fe20ce76e5e5dad810322af9b683f471.jpg,POTHOLES,588.0,180.0,602.0,446.0
9.0,f72fa1e032857b09399ae083a8d63a86.jpg,CLUTTER_SIDEWALK,1004.0,-86.0,1216.0,424.0
9.0,f72fa1e032857b09399ae083a8d63a86.jpg,CLUTTER_SIDEWALK,2132.0,672.0,1200.0,424.0
2.0,1eebacd7998cda3ebd001a894d5e8d5c.jpg,POTHOLES,1850.0,1406.0,1046.0,750.0
3.0,1eebacd7998cda3ebd001a894d5e8d5c.jpg,GARBAGE,1928.0,1772.0,716.0,564.0
7.0,40d542f9536474f0b4932e48a89d3a61.jpg,BAD_BILLBOARD,402.0,172.0,490.0,404.0
3.0,18a085b399ac992ff6ee5b142e514250.jpg,GARBAGE,372.0,12.0,624.0,448.0
3.0,18a085b399ac992ff6ee5b142e514250.jpg,GARBAGE,324.0,96.0,954.0,808.0
3.0,18a085b399ac992ff6ee5b142e514250.jpg,GARBAGE,536.0,266.0,618.0,468.0
3.0,18a085b399ac992ff6ee5b142e514250.jpg,GARBAGE,660.0,428.0,614.0,462.0
3.0,18a085b399ac992ff6ee5b142e514250.jpg,GARBAGE,828.0,624.0,604.0,490.0
2.0,4fcb6ccd28674885ac55525d4b0710b6.jpg,POTHOLES,970.0,778.0,776.0,626.0
2.0,4fcb6ccd28674885ac55525d4b0710b6.jpg,POTHOLES,1634.0,1284.0,678.0,516.0
3.0,a62a69df6401db7412f21b8a4b8b2832.jpg,GARBAGE,1510.0,1370.0,568.0,458.0
3.0,a62a69df6401db7412f21b8a4b8b2832.jpg,GARBAGE,1928.0,1804.0,668.0,578.0
3.0,a62a69df6401db7412f21b8a4b8b2832.jpg,GARBAGE,1502.0,1374.0,898.0,792.0
0.0,dde03ef8a674d35eaca3ac5f412c8116.jpg,GRAFFITI,612.0,480.0,494.0,402.0
3.0,4e7db9e254c41371e89dca348788ba9c.jpg,GARBAGE,1948.0,1780.0,512.0,386.0
7.0,defc32051b5d73aa3e7f6f386862a622.jpg,BAD_BILLBOARD,532.0,394.0,404.0,286.0
0.0,fcf0b145f7c16e26186d591959bea3a9.jpg,GRAFFITI,1048.0,620.0,368.0,222.0
7.0,297c6ae91f335afa7880ee1c5c5202ae.jpg,BAD_BILLBOARD,1184.0,944.0,458.0,346.0
3.0,ada5cc1be19c27e29027cd83d531354b.jpg,GARBAGE,1638.0,1508.0,520.0,412.0
9.0,3f8f1ce7a128a1ab1fd361e2cf8ab3aa.jpg,CLUTTER_SIDEWALK,1334.0,344.0,592.0,414.0
3.0,3f8f1ce7a128a1ab1fd361e2cf8ab3aa.jpg,GARBAGE,1584.0,1368.0,586.0,462.0
9.0,3f8f1ce7a128a1ab1fd361e2cf8ab3aa.jpg,CLUTTER_SIDEWALK,1888.0,1350.0,608.0,412.0
2.0,ca81dcb26cc81f6e10abcd864885612d.jpg,POTHOLES,1460.0,1150.0,626.0,450.0
2.0,ca81dcb26cc81f6e10abcd864885612d.jpg,POTHOLES,1802.0,1358.0,742.0,504.0
3.0,7f3121c4e3352beee0a321e548b31e7b.jpg,GARBAGE,390.0,276.0,542.0,464.0
3.0,7f3121c4e3352beee0a321e548b31e7b.jpg,GARBAGE,210.0,90.0,550.0,476.0
3.0,7f3121c4e3352beee0a321e548b31e7b.jpg,GARBAGE,232.0,-52.0,706.0,530.0
3.0,7f3121c4e3352beee0a321e548b31e7b.jpg,GARBAGE,1002.0,836.0,674.0,564.0
10.0,08c362323b428a71eb83aecfca231473.jpg,UNKEPT_FACADE,2078.0,1356.0,608.0,222.0
2.0,08c362323b428a71eb83aecfca231473.jpg,POTHOLES,1058.0,816.0,520.0,418.0
2.0,6fcee3eb1e7250958352fad198569de2.jpg,POTHOLES,832.0,324.0,1006.0,622.0
3.0,6fcee3eb1e7250958352fad198569de2.jpg,GARBAGE,1752.0,1538.0,910.0,744.0
4.0,125744de9cf3740396125c9426fad0d5.jpg,CONSTRUCTION_ROAD,448.0,-12.0,456.0,198.0
4.0,125744de9cf3740396125c9426fad0d5.jpg,CONSTRUCTION_ROAD,764.0,280.0,548.0,190.0
9.0,89ddeeab47d3d477aae671807f10a8ce.jpg,CLUTTER_SIDEWALK,2026.0,160.0,1028.0,514.0
9.0,0ec19b78e71f1f04e1d1f06c16fa4094.jpg,CLUTTER_SIDEWALK,948.0,250.0,570.0,234.0
3.0,2e704259e11582be3c5269b25f7c4ee9.jpg,GARBAGE,1194.0,886.0,1066.0,904.0
3.0,2e704259e11582be3c5269b25f7c4ee9.jpg,GARBAGE,1378.0,1170.0,1094.0,904.0
0.0,e3a2998c769f43f2767cce3c50e0e193.jpg,GRAFFITI,956.0,556.0,244.0,-60.0
10.0,e3a2998c769f43f2767cce3c50e0e193.jpg,UNKEPT_FACADE,1178.0,678.0,454.0,84.0
10.0,e3a2998c769f43f2767cce3c50e0e193.jpg,UNKEPT_FACADE,730.0,378.0,316.0,52.0
3.0,5191ba1f844dc80bdef515cc5733b468.jpg,GARBAGE,840.0,-222.0,1044.0,162.0
2.0,5191ba1f844dc80bdef515cc5733b468.jpg,POTHOLES,1032.0,868.0,750.0,516.0
2.0,5191ba1f844dc80bdef515cc5733b468.jpg,POTHOLES,1228.0,714.0,908.0,632.0
2.0,5191ba1f844dc80bdef515cc5733b468.jpg,POTHOLES,1626.0,958.0,966.0,646.0
4.0,024f288e689bf2aca56788af93f84d25.jpg,CONSTRUCTION_ROAD,928.0,346.0,520.0,342.0
4.0,024f288e689bf2aca56788af93f84d25.jpg,CONSTRUCTION_ROAD,1378.0,676.0,494.0,328.0
2.0,65db5e118445c8ec05e08174a3ef8610.jpg,POTHOLES,1664.0,934.0,1084.0,522.0
2.0,cca4d2787be09ba7c89408ce0ee21940.jpg,POTHOLES,426.0,0.0,794.0,484.0
9.0,d88c9c346eb88702569f9f060424bbc3.jpg,CLUTTER_SIDEWALK,1006.0,-88.0,642.0,334.0
9.0,d88c9c346eb88702569f9f060424bbc3.jpg,CLUTTER_SIDEWALK,2038.0,1098.0,660.0,394.0
3.0,d88c9c346eb88702569f9f060424bbc3.jpg,GARBAGE,1330.0,1042.0,760.0,578.0
2.0,ad3c68fd3abb35abaf32f5385482486d.jpg,POTHOLES,1228.0,850.0,940.0,634.0
2.0,ad3c68fd3abb35abaf32f5385482486d.jpg,POTHOLES,1594.0,1026.0,1034.0,662.0
7.0,c415ce33c5dd72b92e3d411ecee2a580.jpg,BAD_BILLBOARD,434.0,218.0,420.0,302.0
7.0,c415ce33c5dd72b92e3d411ecee2a580.jpg,BAD_BILLBOARD,344.0,30.0,448.0,300.0
9.0,d9bd424d6b040fcb415a3e87c9750307.jpg,CLUTTER_SIDEWALK,898.0,234.0,530.0,340.0
9.0,d9bd424d6b040fcb415a3e87c9750307.jpg,CLUTTER_SIDEWALK,1396.0,688.0,550.0,316.0
9.0,db0e5d13d26071f466809efc8067fe9a.jpg,CLUTTER_SIDEWALK,642.0,6.0,842.0,470.0
9.0,db0e5d13d26071f466809efc8067fe9a.jpg,CLUTTER_SIDEWALK,1672.0,516.0,816.0,474.0
3.0,db0e5d13d26071f466809efc8067fe9a.jpg,GARBAGE,580.0,338.0,764.0,610.0
3.0,31290fbea375cd6f1d6cfdce56afb520.jpg,GARBAGE,1398.0,1146.0,750.0,516.0
4.0,02375183f793040ebe1192ef1177104d.jpg,CONSTRUCTION_ROAD,1294.0,-156.0,1016.0,250.0
4.0,02375183f793040ebe1192ef1177104d.jpg,CONSTRUCTION_ROAD,2086.0,692.0,1058.0,300.0
0.0,09644ff5f887fc2caf165f0814b55cda.jpg,GRAFFITI,896.0,544.0,416.0,160.0
2.0,09644ff5f887fc2caf165f0814b55cda.jpg,POTHOLES,1204.0,820.0,564.0,378.0
3.0,ee0bee344c5ba2c1d2e2045187b13800.jpg,GARBAGE,1378.0,1216.0,420.0,324.0
3.0,ee0bee344c5ba2c1d2e2045187b13800.jpg,GARBAGE,1662.0,1454.0,486.0,362.0
3.0,ee0bee344c5ba2c1d2e2045187b13800.jpg,GARBAGE,338.0,184.0,474.0,374.0
9.0,4d7d8282027383eb7f5b2593f0576ae0.jpg,CLUTTER_SIDEWALK,828.0,612.0,400.0,332.0
9.0,4d7d8282027383eb7f5b2593f0576ae0.jpg,CLUTTER_SIDEWALK,692.0,392.0,464.0,328.0
9.0,4d7d8282027383eb7f5b2593f0576ae0.jpg,CLUTTER_SIDEWALK,534.0,-20.0,542.0,328.0
2.0,37274d1f9a404b030ac723babf3e463c.jpg,POTHOLES,462.0,158.0,716.0,506.0
2.0,37274d1f9a404b030ac723babf3e463c.jpg,POTHOLES,1762.0,1308.0,782.0,598.0
4.0,ddc453fdaf214185dc703ff6281fd24a.jpg,CONSTRUCTION_ROAD,970.0,-184.0,758.0,24.0
4.0,ddc453fdaf214185dc703ff6281fd24a.jpg,CONSTRUCTION_ROAD,1520.0,480.0,758.0,80.0
4.0,ddc453fdaf214185dc703ff6281fd24a.jpg,CONSTRUCTION_ROAD,2130.0,1026.0,740.0,116.0
3.0,30f47cf8949679813252ca6359ae059e.jpg,GARBAGE,1004.0,796.0,476.0,308.0
9.0,8606e8df0ee7b330cdb7d0dd330ae7b7.jpg,CLUTTER_SIDEWALK,1850.0,690.0,856.0,346.0
2.0,be7b99d923c8729b824042dce6aca0e1.jpg,POTHOLES,1374.0,1154.0,644.0,498.0
3.0,1c01f282d69336b96f8c2e36ddb7013f.jpg,GARBAGE,1356.0,1154.0,558.0,372.0
3.0,921b38fcab84fc09f64480cc6500bbfe.jpg,GARBAGE,812.0,632.0,764.0,658.0
3.0,921b38fcab84fc09f64480cc6500bbfe.jpg,GARBAGE,568.0,412.0,726.0,620.0
3.0,d5f57126e0a79470a1a6b59a38fcdfeb.jpg,GARBAGE,114.0,-20.0,496.0,398.0
3.0,6fb1706abbe1b629157db05ef97fd4c4.jpg,GARBAGE,256.0,108.0,580.0,518.0
3.0,6fb1706abbe1b629157db05ef97fd4c4.jpg,GARBAGE,408.0,280.0,596.0,514.0
3.0,6fb1706abbe1b629157db05ef97fd4c4.jpg,GARBAGE,810.0,590.0,602.0,492.0
3.0,6fb1706abbe1b629157db05ef97fd4c4.jpg,GARBAGE,876.0,746.0,614.0,540.0
3.0,dba797ccce21ec49aacb345defe569bf.jpg,GARBAGE,1050.0,922.0,856.0,756.0
0.0,6964aabd27ae9ac9b9824117462ea150.jpg,GRAFFITI,1104.0,902.0,374.0,272.0
3.0,9963f142379872ace3021b3ab93dce44.jpg,GARBAGE,1076.0,964.0,494.0,408.0
3.0,81fc18397a8eb76ce29b2ca9fb20b57f.jpg,GARBAGE,908.0,714.0,684.0,466.0
10.0,3dc0f3657a4b64f510edd7945ef97bbd.jpg,UNKEPT_FACADE,754.0,12.0,636.0,408.0
10.0,3dc0f3657a4b64f510edd7945ef97bbd.jpg,UNKEPT_FACADE,1874.0,1344.0,646.0,422.0
10.0,3dc0f3657a4b64f510edd7945ef97bbd.jpg,UNKEPT_FACADE,1918.0,1782.0,636.0,502.0
0.0,3dc0f3657a4b64f510edd7945ef97bbd.jpg,GRAFFITI,150.0,-44.0,582.0,402.0
0.0,3dc0f3657a4b64f510edd7945ef97bbd.jpg,GRAFFITI,1256.0,1052.0,574.0,492.0
0.0,3dc0f3657a4b64f510edd7945ef97bbd.jpg,GRAFFITI,1310.0,1216.0,562.0,464.0
0.0,3dc0f3657a4b64f510edd7945ef97bbd.jpg,GRAFFITI,1426.0,1306.0,580.0,444.0
3.0,1d15349a6649a11834ee337bfb7f5d38.jpg,GARBAGE,1062.0,582.0,848.0,684.0
8.0,568475e600caf5cd44c38c8729958750.jpg,SAND_ON_ROAD,1494.0,1108.0,540.0,320.0
3.0,516af3e97a3c832f1a83e30529fdc33f.jpg,GARBAGE,1930.0,1720.0,760.0,650.0
3.0,516af3e97a3c832f1a83e30529fdc33f.jpg,GARBAGE,1716.0,1500.0,776.0,632.0
3.0,516af3e97a3c832f1a83e30529fdc33f.jpg,GARBAGE,556.0,394.0,824.0,710.0
3.0,516af3e97a3c832f1a83e30529fdc33f.jpg,GARBAGE,518.0,366.0,902.0,782.0
0.0,06de51754ba7d8baf62fae440123890d.jpg,GRAFFITI,334.0,-16.0,392.0,232.0
0.0,06de51754ba7d8baf62fae440123890d.jpg,GRAFFITI,646.0,228.0,422.0,218.0
0.0,06de51754ba7d8baf62fae440123890d.jpg,GRAFFITI,1228.0,740.0,500.0,230.0
3.0,d68db5accf40263b2e08102fe60ae4e2.jpg,GARBAGE,1882.0,1626.0,566.0,380.0
3.0,d68db5accf40263b2e08102fe60ae4e2.jpg,GARBAGE,1588.0,1314.0,526.0,412.0
3.0,c7493cb5916f3020c26cfa29d32681b9.jpg,GARBAGE,562.0,264.0,814.0,708.0
3.0,c7493cb5916f3020c26cfa29d32681b9.jpg,GARBAGE,732.0,528.0,796.0,706.0
3.0,c7493cb5916f3020c26cfa29d32681b9.jpg,GARBAGE,818.0,686.0,828.0,722.0
3.0,f4ca658b0409e25e7f1ca0ed52f480d3.jpg,GARBAGE,1454.0,1300.0,598.0,462.0
3.0,4a416b872909db30ad200aad2b14a180.jpg,GARBAGE,786.0,676.0,532.0,444.0
3.0,4a416b872909db30ad200aad2b14a180.jpg,GARBAGE,822.0,580.0,622.0,504.0
3.0,4a416b872909db30ad200aad2b14a180.jpg,GARBAGE,554.0,452.0,598.0,500.0
3.0,cc17906ce12942d3a571fb2947182dd6.jpg,GARBAGE,826.0,738.0,730.0,636.0
3.0,cc17906ce12942d3a571fb2947182dd6.jpg,GARBAGE,156.0,8.0,700.0,644.0
3.0,304fc949cf217281bfe030a097bd8725.jpg,GARBAGE,766.0,624.0,432.0,356.0
3.0,304fc949cf217281bfe030a097bd8725.jpg,GARBAGE,746.0,590.0,472.0,364.0
3.0,304fc949cf217281bfe030a097bd8725.jpg,GARBAGE,678.0,516.0,484.0,374.0
3.0,304fc949cf217281bfe030a097bd8725.jpg,GARBAGE,638.0,352.0,534.0,400.0
2.0,0c60aeb768a125999b9b69179f10a479.jpg,POTHOLES,1080.0,870.0,798.0,558.0
2.0,0c60aeb768a125999b9b69179f10a479.jpg,POTHOLES,1118.0,862.0,1110.0,792.0
7.0,3ad3c0fab444ec29bb7469f244850a9f.jpg,BAD_BILLBOARD,2134.0,506.0,840.0,-254.0
3.0,177734249914c7554ee6ef4eabcaaff1.jpg,GARBAGE,822.0,750.0,462.0,396.0
3.0,177734249914c7554ee6ef4eabcaaff1.jpg,GARBAGE,1252.0,1170.0,468.0,392.0
3.0,177734249914c7554ee6ef4eabcaaff1.jpg,GARBAGE,424.0,310.0,562.0,486.0
3.0,533bf91077dddbf76d8c4fb7ad3a0d2f.jpg,GARBAGE,1870.0,1652.0,536.0,326.0
3.0,533bf91077dddbf76d8c4fb7ad3a0d2f.jpg,GARBAGE,696.0,566.0,530.0,436.0
3.0,533bf91077dddbf76d8c4fb7ad3a0d2f.jpg,GARBAGE,562.0,450.0,606.0,480.0
7.0,1ba29ef6f2d91cca784a35f2e8404357.jpg,BAD_BILLBOARD,1564.0,1288.0,396.0,288.0
3.0,6b4aaff3ec3b9d76b4fab3eba61117a8.jpg,GARBAGE,250.0,-76.0,542.0,138.0
9.0,a55c9f9e92797e2a83af7c56064562fb.jpg,CLUTTER_SIDEWALK,1712.0,822.0,672.0,390.0
7.0,48e3f5e637b917897fa746a51facec01.jpg,BAD_BILLBOARD,622.0,66.0,192.0,0.0
7.0,48e3f5e637b917897fa746a51facec01.jpg,BAD_BILLBOARD,804.0,618.0,174.0,62.0
7.0,48e3f5e637b917897fa746a51facec01.jpg,BAD_BILLBOARD,886.0,702.0,154.0,44.0
7.0,48e3f5e637b917897fa746a51facec01.jpg,BAD_BILLBOARD,964.0,784.0,174.0,24.0
7.0,48e3f5e637b917897fa746a51facec01.jpg,BAD_BILLBOARD,1120.0,934.0,150.0,58.0
7.0,48e3f5e637b917897fa746a51facec01.jpg,BAD_BILLBOARD,1658.0,1514.0,158.0,68.0
7.0,48e3f5e637b917897fa746a51facec01.jpg,BAD_BILLBOARD,1538.0,1416.0,152.0,64.0
3.0,f77b400dacb3d80f9f134f36c1ac1272.jpg,GARBAGE,874.0,664.0,630.0,504.0
3.0,f756aa8066483b6d60984b2015468570.jpg,GARBAGE,1046.0,826.0,554.0,408.0
3.0,f756aa8066483b6d60984b2015468570.jpg,GARBAGE,1102.0,952.0,464.0,374.0
3.0,f756aa8066483b6d60984b2015468570.jpg,GARBAGE,1472.0,1282.0,838.0,728.0
3.0,f756aa8066483b6d60984b2015468570.jpg,GARBAGE,1308.0,1186.0,896.0,796.0
3.0,f756aa8066483b6d60984b2015468570.jpg,GARBAGE,300.0,124.0,822.0,694.0
2.0,4255fa84582ba207069d415202d520ae.jpg,POTHOLES,1050.0,796.0,838.0,492.0
2.0,4255fa84582ba207069d415202d520ae.jpg,POTHOLES,1188.0,624.0,1020.0,628.0
2.0,8f3102d6fe68ff31a5df66bef5bd9194.jpg,POTHOLES,976.0,552.0,942.0,628.0
2.0,8f3102d6fe68ff31a5df66bef5bd9194.jpg,POTHOLES,1146.0,812.0,910.0,522.0
4.0,751bad30b8d4b2c9e9378d763d3a67ef.jpg,CONSTRUCTION_ROAD,522.0,-130.0,626.0,272.0
4.0,751bad30b8d4b2c9e9378d763d3a67ef.jpg,CONSTRUCTION_ROAD,740.0,288.0,558.0,310.0
4.0,751bad30b8d4b2c9e9378d763d3a67ef.jpg,CONSTRUCTION_ROAD,1014.0,522.0,546.0,314.0
4.0,751bad30b8d4b2c9e9378d763d3a67ef.jpg,CONSTRUCTION_ROAD,1682.0,884.0,704.0,232.0
4.0,751bad30b8d4b2c9e9378d763d3a67ef.jpg,CONSTRUCTION_ROAD,2018.0,1206.0,894.0,116.0
3.0,80c5a567e8b219648f40efb200b30a0d.jpg,GARBAGE,700.0,542.0,506.0,406.0
3.0,80c5a567e8b219648f40efb200b30a0d.jpg,GARBAGE,700.0,530.0,610.0,518.0
3.0,80c5a567e8b219648f40efb200b30a0d.jpg,GARBAGE,810.0,712.0,702.0,658.0
3.0,80c5a567e8b219648f40efb200b30a0d.jpg,GARBAGE,974.0,856.0,462.0,340.0
5.0,9b39d91113b05558b5213353a8d1331f.jpg,BROKEN_SIGNAGE,288.0,200.0,462.0,356.0
3.0,df86235a1187a57ba394526c8f9e6756.jpg,GARBAGE,904.0,718.0,854.0,710.0
2.0,1e33ea635bbd53e27edce25039d3c5ad.jpg,POTHOLES,1280.0,1066.0,910.0,620.0
2.0,1e33ea635bbd53e27edce25039d3c5ad.jpg,POTHOLES,1672.0,1096.0,1136.0,772.0
3.0,eda3cef534743264cba3f3c953fe4f7b.jpg,GARBAGE,1862.0,1754.0,772.0,618.0
3.0,8cfdf1920c0c09c89bdae14bbae4328e.jpg,GARBAGE,1292.0,1124.0,470.0,350.0
3.0,8cfdf1920c0c09c89bdae14bbae4328e.jpg,GARBAGE,394.0,208.0,500.0,346.0
3.0,51be0f0e093fe2222c70b46c7dd31709.jpg,GARBAGE,1136.0,908.0,542.0,352.0
7.0,08142cfc052cd0e58dbdfd25b9c76ea9.jpg,BAD_BILLBOARD,950.0,482.0,230.0,6.0
3.0,5d2aa33d21ddb864b9e7be856bd30860.jpg,GARBAGE,948.0,742.0,490.0,418.0
3.0,5d2aa33d21ddb864b9e7be856bd30860.jpg,GARBAGE,944.0,836.0,440.0,356.0
3.0,0560cd977021e78f9136e22d53d95268.jpg,GARBAGE,1898.0,1580.0,932.0,688.0
3.0,0560cd977021e78f9136e22d53d95268.jpg,GARBAGE,1498.0,1344.0,900.0,758.0
9.0,0560cd977021e78f9136e22d53d95268.jpg,CLUTTER_SIDEWALK,1522.0,316.0,1036.0,694.0
2.0,8d3839b819a5bcc91f60c3c6ccbc3e6b.jpg,POTHOLES,686.0,352.0,664.0,512.0
2.0,8d3839b819a5bcc91f60c3c6ccbc3e6b.jpg,POTHOLES,588.0,70.0,762.0,556.0
3.0,515d78c618eb1e559b5211f90674a7a3.jpg,GARBAGE,976.0,828.0,892.0,780.0
3.0,455255272d6689b5fcac862a9c8eb996.jpg,GARBAGE,864.0,752.0,646.0,578.0
3.0,455255272d6689b5fcac862a9c8eb996.jpg,GARBAGE,1590.0,1432.0,984.0,836.0
9.0,18778922833d0cf7b381baa70f60758c.jpg,CLUTTER_SIDEWALK,646.0,18.0,552.0,390.0
9.0,18778922833d0cf7b381baa70f60758c.jpg,CLUTTER_SIDEWALK,1124.0,536.0,494.0,396.0
9.0,18778922833d0cf7b381baa70f60758c.jpg,CLUTTER_SIDEWALK,1480.0,1046.0,484.0,376.0
3.0,515212fd296f6a95e5366506eb808d3f.jpg,GARBAGE,1428.0,1202.0,514.0,310.0
3.0,515212fd296f6a95e5366506eb808d3f.jpg,GARBAGE,1648.0,1306.0,548.0,346.0
0.0,515212fd296f6a95e5366506eb808d3f.jpg,GRAFFITI,1542.0,1276.0,414.0,216.0
3.0,8acf4b0f982a926478882d5061e5f6ef.jpg,GARBAGE,1768.0,1512.0,956.0,784.0
3.0,8acf4b0f982a926478882d5061e5f6ef.jpg,GARBAGE,214.0,-38.0,906.0,664.0
3.0,8acf4b0f982a926478882d5061e5f6ef.jpg,GARBAGE,680.0,536.0,874.0,756.0
3.0,026c5fd6fe0e64343e8ff1d6add9f88e.jpg,GARBAGE,194.0,0.0,528.0,412.0
3.0,026c5fd6fe0e64343e8ff1d6add9f88e.jpg,GARBAGE,430.0,184.0,294.0,170.0
3.0,026c5fd6fe0e64343e8ff1d6add9f88e.jpg,GARBAGE,896.0,468.0,352.0,96.0
9.0,026c5fd6fe0e64343e8ff1d6add9f88e.jpg,CLUTTER_SIDEWALK,2330.0,-684.0,946.0,192.0
3.0,16038e446e82d3053ef58bb2489796f1.jpg,GARBAGE,796.0,494.0,594.0,414.0
3.0,16038e446e82d3053ef58bb2489796f1.jpg,GARBAGE,952.0,706.0,602.0,386.0
3.0,16038e446e82d3053ef58bb2489796f1.jpg,GARBAGE,838.0,614.0,604.0,370.0
3.0,8c8bc2c6b2cd0f9c1cbac82c601ab2db.jpg,GARBAGE,1898.0,1594.0,582.0,432.0
3.0,8c8bc2c6b2cd0f9c1cbac82c601ab2db.jpg,GARBAGE,1644.0,1512.0,554.0,422.0
3.0,8c8bc2c6b2cd0f9c1cbac82c601ab2db.jpg,GARBAGE,1500.0,1244.0,546.0,394.0
3.0,8c8bc2c6b2cd0f9c1cbac82c601ab2db.jpg,GARBAGE,1650.0,1496.0,838.0,732.0
2.0,8c8bc2c6b2cd0f9c1cbac82c601ab2db.jpg,POTHOLES,872.0,460.0,824.0,494.0
2.0,8c8bc2c6b2cd0f9c1cbac82c601ab2db.jpg,POTHOLES,1288.0,504.0,1048.0,570.0
3.0,9850da5c696bba23ac442fb07a6e0d1d.jpg,GARBAGE,1212.0,920.0,614.0,418.0
3.0,9850da5c696bba23ac442fb07a6e0d1d.jpg,GARBAGE,1024.0,738.0,576.0,400.0
3.0,783509a9f5d47d8f17d7b97065947bbf.jpg,GARBAGE,1188.0,980.0,480.0,326.0
3.0,783509a9f5d47d8f17d7b97065947bbf.jpg,GARBAGE,1106.0,958.0,822.0,684.0
3.0,37852eec49aa40698664ccaefac0a62d.jpg,GARBAGE,1502.0,1268.0,758.0,612.0
3.0,37852eec49aa40698664ccaefac0a62d.jpg,GARBAGE,1364.0,1234.0,612.0,492.0
0.0,4005a05b622af576bd1eac703d0a2f2c.jpg,GRAFFITI,1398.0,1226.0,350.0,194.0
0.0,4005a05b622af576bd1eac703d0a2f2c.jpg,GRAFFITI,1402.0,1200.0,414.0,274.0
0.0,4005a05b622af576bd1eac703d0a2f2c.jpg,GRAFFITI,1522.0,1316.0,440.0,240.0
0.0,b207e8bf3cf7bca18afe3049c287af42.jpg,GRAFFITI,1548.0,1306.0,366.0,256.0
0.0,b207e8bf3cf7bca18afe3049c287af42.jpg,GRAFFITI,1752.0,1514.0,380.0,286.0
3.0,1f7f451526990c81a6e8f37549491b32.jpg,GARBAGE,770.0,528.0,702.0,558.0
3.0,1f7f451526990c81a6e8f37549491b32.jpg,GARBAGE,442.0,350.0,902.0,822.0
3.0,1f7f451526990c81a6e8f37549491b32.jpg,GARBAGE,172.0,88.0,908.0,802.0
7.0,3eaee7e645fa2a54ec2018464c714263.jpg,BAD_BILLBOARD,1184.0,1034.0,402.0,238.0
4.0,75fe4107c23b46ca91a7986ec2e56975.jpg,CONSTRUCTION_ROAD,788.0,-10.0,714.0,216.0
4.0,75fe4107c23b46ca91a7986ec2e56975.jpg,CONSTRUCTION_ROAD,1348.0,496.0,798.0,198.0
4.0,75fe4107c23b46ca91a7986ec2e56975.jpg,CONSTRUCTION_ROAD,2048.0,1008.0,864.0,234.0
4.0,1fa9b5a11c86fe598ccffdf44474f68b.jpg,CONSTRUCTION_ROAD,888.0,-14.0,628.0,104.0
4.0,1fa9b5a11c86fe598ccffdf44474f68b.jpg,CONSTRUCTION_ROAD,1324.0,538.0,610.0,118.0
4.0,1fa9b5a11c86fe598ccffdf44474f68b.jpg,CONSTRUCTION_ROAD,2068.0,954.0,668.0,102.0
4.0,1c7c8a9d55cae39ab6ce2f00aca8d876.jpg,CONSTRUCTION_ROAD,1412.0,698.0,550.0,290.0
2.0,0d381ce87d91f7173d368191ca9547f2.jpg,POTHOLES,592.0,22.0,1012.0,688.0
3.0,bc9cce9c4c5567e54df50b03e7c3d866.jpg,GARBAGE,1088.0,904.0,596.0,348.0
3.0,bc9cce9c4c5567e54df50b03e7c3d866.jpg,GARBAGE,1340.0,1204.0,494.0,358.0
9.0,b4e011b1d14a3000d351cdec4ebbd137.jpg,CLUTTER_SIDEWALK,1794.0,436.0,660.0,340.0
3.0,b4e011b1d14a3000d351cdec4ebbd137.jpg,GARBAGE,1276.0,844.0,682.0,544.0
4.0,5ba59eaae491b93fc28b7c60bd3aaaf7.jpg,CONSTRUCTION_ROAD,1060.0,-296.0,1396.0,-24.0
4.0,5ba59eaae491b93fc28b7c60bd3aaaf7.jpg,CONSTRUCTION_ROAD,2010.0,628.0,1232.0,146.0
3.0,0dc464bf9aaa382ce31edda2899099e7.jpg,GARBAGE,308.0,90.0,948.0,790.0
3.0,afe887951d2566e508964643ff1f9664.jpg,GARBAGE,1206.0,1070.0,480.0,370.0
9.0,aa381397add9d5347c83c415312b466a.jpg,CLUTTER_SIDEWALK,648.0,244.0,348.0,266.0
9.0,aa381397add9d5347c83c415312b466a.jpg,CLUTTER_SIDEWALK,814.0,570.0,376.0,266.0
9.0,aa381397add9d5347c83c415312b466a.jpg,CLUTTER_SIDEWALK,1510.0,1096.0,428.0,308.0
3.0,70e722cd70daa8591a63cdd7153c16b6.jpg,GARBAGE,1570.0,1452.0,404.0,306.0
8.0,9aa4a1f5afa13e35a212a86ff3fbe849.jpg,SAND_ON_ROAD,558.0,214.0,538.0,358.0
8.0,9aa4a1f5afa13e35a212a86ff3fbe849.jpg,SAND_ON_ROAD,956.0,382.0,614.0,324.0
3.0,7ee2f46c0b0c915feb94019e02998ae6.jpg,GARBAGE,1268.0,1152.0,630.0,532.0
3.0,566d716f1e1812804e1b6ecae24131d3.jpg,GARBAGE,1630.0,1442.0,508.0,416.0
3.0,566d716f1e1812804e1b6ecae24131d3.jpg,GARBAGE,1514.0,1370.0,510.0,398.0
0.0,5a89e78f23172807102aa8b7104c9e21.jpg,GRAFFITI,1132.0,220.0,782.0,412.0
0.0,5a89e78f23172807102aa8b7104c9e21.jpg,GRAFFITI,1738.0,970.0,722.0,476.0
7.0,ebc470da1fad7357d61aa063edf16d6b.jpg,BAD_BILLBOARD,444.0,270.0,346.0,250.0
7.0,ebc470da1fad7357d61aa063edf16d6b.jpg,BAD_BILLBOARD,340.0,-16.0,358.0,224.0
8.0,f5e3d9e7263a111ca6c89ffc4603cd6c.jpg,SAND_ON_ROAD,888.0,532.0,524.0,262.0
3.0,f5e3d9e7263a111ca6c89ffc4603cd6c.jpg,GARBAGE,1722.0,1596.0,524.0,398.0
3.0,f5e3d9e7263a111ca6c89ffc4603cd6c.jpg,GARBAGE,1760.0,1650.0,514.0,352.0
2.0,9043767cd25faccc167b0a14ac7a89ad.jpg,POTHOLES,460.0,130.0,842.0,570.0
2.0,9043767cd25faccc167b0a14ac7a89ad.jpg,POTHOLES,342.0,-28.0,966.0,636.0
4.0,dd68663d6531f78ceb2069da66e0f005.jpg,CONSTRUCTION_ROAD,794.0,298.0,536.0,254.0
4.0,dd68663d6531f78ceb2069da66e0f005.jpg,CONSTRUCTION_ROAD,572.0,-52.0,556.0,180.0
4.0,677dd32e467f0b49372258b554a8ab64.jpg,CONSTRUCTION_ROAD,1324.0,-180.0,1212.0,144.0
4.0,677dd32e467f0b49372258b554a8ab64.jpg,CONSTRUCTION_ROAD,2108.0,856.0,1184.0,386.0
3.0,34b8b29c7cb140b84192b342437e5355.jpg,GARBAGE,328.0,84.0,792.0,648.0
10.0,34b8b29c7cb140b84192b342437e5355.jpg,UNKEPT_FACADE,1700.0,1186.0,626.0,346.0
0.0,19acfc0e877cede8bcfab02175369eed.jpg,GRAFFITI,2016.0,1590.0,478.0,166.0
3.0,ddcfaf0f94a6ddf0b43c94d7750537ad.jpg,GARBAGE,1600.0,1408.0,524.0,370.0
3.0,ddcfaf0f94a6ddf0b43c94d7750537ad.jpg,GARBAGE,1810.0,1708.0,596.0,486.0
4.0,1b32bd643ae937a683a7644f51233e0f.jpg,CONSTRUCTION_ROAD,1650.0,1404.0,540.0,354.0
3.0,196dfeb7932689b6db3af08bcdcc891a.jpg,GARBAGE,732.0,496.0,564.0,460.0
3.0,196dfeb7932689b6db3af08bcdcc891a.jpg,GARBAGE,1642.0,790.0,588.0,4.0
3.0,df9cb70dbe0ae07e87bbe14e7e618f21.jpg,GARBAGE,988.0,686.0,700.0,478.0
3.0,df9cb70dbe0ae07e87bbe14e7e618f21.jpg,GARBAGE,1280.0,890.0,814.0,584.0
3.0,df9cb70dbe0ae07e87bbe14e7e618f21.jpg,GARBAGE,854.0,572.0,938.0,744.0
3.0,38798dd2008df426f9b90f39deb171ce.jpg,GARBAGE,486.0,276.0,742.0,574.0
3.0,38798dd2008df426f9b90f39deb171ce.jpg,GARBAGE,522.0,304.0,960.0,800.0
3.0,38798dd2008df426f9b90f39deb171ce.jpg,GARBAGE,1046.0,632.0,894.0,518.0
0.0,7b89ccf258299b00807c2ae724dab7ba.jpg,GRAFFITI,678.0,-82.0,644.0,112.0
7.0,ae83c5625f25d63d856bd37b4b0555f3.jpg,BAD_BILLBOARD,1322.0,1048.0,342.0,152.0
4.0,ae83c5625f25d63d856bd37b4b0555f3.jpg,CONSTRUCTION_ROAD,1112.0,890.0,464.0,338.0
4.0,ae83c5625f25d63d856bd37b4b0555f3.jpg,CONSTRUCTION_ROAD,562.0,238.0,516.0,280.0
4.0,ae83c5625f25d63d856bd37b4b0555f3.jpg,CONSTRUCTION_ROAD,370.0,-46.0,530.0,264.0
4.0,ae83c5625f25d63d856bd37b4b0555f3.jpg,CONSTRUCTION_ROAD,828.0,666.0,460.0,336.0
3.0,e988d56a045315b828343821940259c7.jpg,GARBAGE,704.0,430.0,684.0,512.0
2.0,e988d56a045315b828343821940259c7.jpg,POTHOLES,1490.0,676.0,1050.0,674.0
7.0,6146d1f031813ae6e1850a8a07b0f4c2.jpg,BAD_BILLBOARD,2078.0,1390.0,454.0,132.0
3.0,9e6ff66ccd3e8cd5748ddda8c3dd97f7.jpg,GARBAGE,546.0,378.0,610.0,460.0
4.0,629f68b295f8dca083cddb1654240e09.jpg,CONSTRUCTION_ROAD,2170.0,706.0,924.0,40.0
4.0,629f68b295f8dca083cddb1654240e09.jpg,CONSTRUCTION_ROAD,690.0,-168.0,662.0,162.0
4.0,629f68b295f8dca083cddb1654240e09.jpg,CONSTRUCTION_ROAD,954.0,354.0,536.0,244.0
9.0,1e35618d2a48c1406a65ff4d1af8af98.jpg,CLUTTER_SIDEWALK,840.0,-126.0,590.0,378.0
9.0,1e35618d2a48c1406a65ff4d1af8af98.jpg,CLUTTER_SIDEWALK,1680.0,508.0,598.0,386.0
9.0,1e35618d2a48c1406a65ff4d1af8af98.jpg,CLUTTER_SIDEWALK,2018.0,1332.0,620.0,382.0
8.0,242093ea1390f948508b14c669f600bd.jpg,SAND_ON_ROAD,1326.0,202.0,714.0,308.0
8.0,242093ea1390f948508b14c669f600bd.jpg,SAND_ON_ROAD,1958.0,1702.0,634.0,524.0
2.0,5b28328ba177bdbf364f57d11c8ee263.jpg,POTHOLES,1190.0,796.0,864.0,572.0
3.0,d999e72bab13ea7e5091349169e545ec.jpg,GARBAGE,1474.0,1370.0,564.0,484.0
3.0,a20754090c759e373857d2cc269286a7.jpg,GARBAGE,544.0,344.0,488.0,430.0
3.0,a20754090c759e373857d2cc269286a7.jpg,GARBAGE,792.0,642.0,738.0,648.0
7.0,a20754090c759e373857d2cc269286a7.jpg,BAD_BILLBOARD,1346.0,452.0,384.0,138.0
7.0,322bc2851fa62bca7becdd8ea84415a1.jpg,BAD_BILLBOARD,826.0,292.0,362.0,84.0
3.0,48ad155891ba88f14974ba30e2412555.jpg,GARBAGE,1710.0,1586.0,710.0,600.0
3.0,48ad155891ba88f14974ba30e2412555.jpg,GARBAGE,1948.0,1648.0,500.0,302.0
3.0,48ad155891ba88f14974ba30e2412555.jpg,GARBAGE,1198.0,1046.0,484.0,388.0
3.0,36bb921c5c059289b23e4a8d62357c2b.jpg,GARBAGE,1674.0,1580.0,500.0,432.0
3.0,36bb921c5c059289b23e4a8d62357c2b.jpg,GARBAGE,1720.0,1624.0,564.0,464.0
3.0,e55dfef9a42916bfe6029691e4fd41d4.jpg,GARBAGE,1320.0,1092.0,554.0,366.0
3.0,e55dfef9a42916bfe6029691e4fd41d4.jpg,GARBAGE,1602.0,1288.0,570.0,372.0
3.0,e55dfef9a42916bfe6029691e4fd41d4.jpg,GARBAGE,1718.0,1526.0,526.0,404.0
3.0,93dfdbf37ce53f0fe4c2ebf6f6581cca.jpg,GARBAGE,1550.0,1414.0,574.0,448.0
1.0,2bb02e9237647d20bf2188ba7b798f0a.jpg,FADED_SIGNAGE,772.0,582.0,368.0,208.0
3.0,a6426f3b2ca826a24c7c4173d6884c94.jpg,GARBAGE,762.0,590.0,652.0,496.0
0.0,86e2704ffaf4e84f3f8bbbc3d5473ee2.jpg,GRAFFITI,354.0,166.0,542.0,416.0
0.0,bd1acfa0f96a12c5e444fcbe116de862.jpg,GRAFFITI,138.0,26.0,362.0,286.0
3.0,f7cc1700147d13a7ca13e0fb1a6ea8c5.jpg,GARBAGE,1790.0,1258.0,692.0,456.0
3.0,f7cc1700147d13a7ca13e0fb1a6ea8c5.jpg,GARBAGE,1330.0,1066.0,560.0,402.0
4.0,03858da6a532e19e7fdbe35530bf2447.jpg,CONSTRUCTION_ROAD,938.0,568.0,552.0,270.0
4.0,03858da6a532e19e7fdbe35530bf2447.jpg,CONSTRUCTION_ROAD,814.0,122.0,710.0,108.0
4.0,03858da6a532e19e7fdbe35530bf2447.jpg,CONSTRUCTION_ROAD,442.0,-120.0,964.0,-100.0
4.0,03858da6a532e19e7fdbe35530bf2447.jpg,CONSTRUCTION_ROAD,1548.0,1106.0,592.0,264.0
4.0,03858da6a532e19e7fdbe35530bf2447.jpg,CONSTRUCTION_ROAD,2010.0,1276.0,704.0,200.0
4.0,03858da6a532e19e7fdbe35530bf2447.jpg,CONSTRUCTION_ROAD,1234.0,1062.0,502.0,310.0
7.0,8c5b1858a5e29dedc7e8844f294b997b.jpg,BAD_BILLBOARD,1430.0,966.0,352.0,180.0
3.0,8c5b1858a5e29dedc7e8844f294b997b.jpg,GARBAGE,780.0,636.0,446.0,354.0
4.0,c4b21e494a068b613c12a0a4e149a106.jpg,CONSTRUCTION_ROAD,1414.0,1126.0,550.0,238.0
4.0,c4b21e494a068b613c12a0a4e149a106.jpg,CONSTRUCTION_ROAD,1968.0,1156.0,766.0,220.0
8.0,c4b21e494a068b613c12a0a4e149a106.jpg,SAND_ON_ROAD,1826.0,1572.0,528.0,342.0
7.0,397d788240c25e7aaa301d018ef4e0fb.jpg,BAD_BILLBOARD,334.0,76.0,396.0,276.0
7.0,397d788240c25e7aaa301d018ef4e0fb.jpg,BAD_BILLBOARD,498.0,320.0,404.0,296.0
8.0,6b3981c80be1c7c31fea5d1524493fa5.jpg,SAND_ON_ROAD,1710.0,1374.0,588.0,350.0
8.0,6b3981c80be1c7c31fea5d1524493fa5.jpg,SAND_ON_ROAD,1390.0,1150.0,540.0,416.0
8.0,6b3981c80be1c7c31fea5d1524493fa5.jpg,SAND_ON_ROAD,1266.0,1040.0,504.0,402.0
3.0,8c10398341e274dbe55e2d9039881f8a.jpg,GARBAGE,888.0,786.0,704.0,582.0
3.0,8c10398341e274dbe55e2d9039881f8a.jpg,GARBAGE,540.0,448.0,868.0,788.0
4.0,37cc5216035ca1a78c32c730da111f5a.jpg,CONSTRUCTION_ROAD,774.0,130.0,656.0,454.0
4.0,37cc5216035ca1a78c32c730da111f5a.jpg,CONSTRUCTION_ROAD,1374.0,580.0,638.0,472.0
4.0,37cc5216035ca1a78c32c730da111f5a.jpg,CONSTRUCTION_ROAD,1828.0,1076.0,640.0,448.0
4.0,e9ef1bab977ea384d1d69c911b172ea4.jpg,CONSTRUCTION_ROAD,762.0,-152.0,836.0,152.0
4.0,e9ef1bab977ea384d1d69c911b172ea4.jpg,CONSTRUCTION_ROAD,1490.0,514.0,814.0,214.0
9.0,51df13b04570bcd97956b57ffd5e5b9b.jpg,CLUTTER_SIDEWALK,1912.0,254.0,882.0,328.0
3.0,6b351d5ff08e3e3956dc06d0ca204e4c.jpg,GARBAGE,1424.0,1108.0,616.0,460.0
3.0,48f531c9cd86e518f6c61ac779e7b785.jpg,GARBAGE,1776.0,1582.0,492.0,370.0
3.0,48f531c9cd86e518f6c61ac779e7b785.jpg,GARBAGE,1850.0,1734.0,494.0,376.0
8.0,48f531c9cd86e518f6c61ac779e7b785.jpg,SAND_ON_ROAD,1692.0,1482.0,540.0,326.0
3.0,1c6ccb1fc3f1f6bd65f6163523e9727a.jpg,GARBAGE,350.0,96.0,656.0,492.0
3.0,1c6ccb1fc3f1f6bd65f6163523e9727a.jpg,GARBAGE,148.0,14.0,666.0,500.0
3.0,1c6ccb1fc3f1f6bd65f6163523e9727a.jpg,GARBAGE,726.0,546.0,600.0,496.0
3.0,1c6ccb1fc3f1f6bd65f6163523e9727a.jpg,GARBAGE,814.0,670.0,590.0,514.0
3.0,1c6ccb1fc3f1f6bd65f6163523e9727a.jpg,GARBAGE,1124.0,928.0,612.0,468.0
4.0,773303c1616fc55329dcd08274ca594b.jpg,CONSTRUCTION_ROAD,746.0,330.0,426.0,234.0
4.0,773303c1616fc55329dcd08274ca594b.jpg,CONSTRUCTION_ROAD,880.0,580.0,386.0,216.0
4.0,773303c1616fc55329dcd08274ca594b.jpg,CONSTRUCTION_ROAD,1168.0,844.0,396.0,252.0
4.0,ad2715da3d182fe378621620f5d1a389.jpg,CONSTRUCTION_ROAD,868.0,626.0,446.0,318.0
4.0,ad2715da3d182fe378621620f5d1a389.jpg,CONSTRUCTION_ROAD,758.0,340.0,504.0,274.0
4.0,ad2715da3d182fe378621620f5d1a389.jpg,CONSTRUCTION_ROAD,576.0,-72.0,574.0,220.0
2.0,ad2715da3d182fe378621620f5d1a389.jpg,POTHOLES,404.0,-106.0,1090.0,568.0
2.0,ad2715da3d182fe378621620f5d1a389.jpg,POTHOLES,836.0,244.0,1164.0,630.0
9.0,0c0470911e57a5ed7de67279bd7140a0.jpg,CLUTTER_SIDEWALK,1202.0,196.0,888.0,592.0
9.0,0c0470911e57a5ed7de67279bd7140a0.jpg,CLUTTER_SIDEWALK,1566.0,818.0,854.0,586.0
4.0,0c0470911e57a5ed7de67279bd7140a0.jpg,CONSTRUCTION_ROAD,1144.0,272.0,644.0,376.0
4.0,0c0470911e57a5ed7de67279bd7140a0.jpg,CONSTRUCTION_ROAD,1468.0,814.0,610.0,390.0
4.0,0c0470911e57a5ed7de67279bd7140a0.jpg,CONSTRUCTION_ROAD,2074.0,1254.0,642.0,416.0
3.0,a3f9d87f42cf1a43c47ad01974687f8d.jpg,GARBAGE,1226.0,992.0,378.0,224.0
3.0,a3f9d87f42cf1a43c47ad01974687f8d.jpg,GARBAGE,274.0,-50.0,478.0,224.0
3.0,d1dfa81999e67fc5597984239774e1fc.jpg,GARBAGE,1288.0,1102.0,744.0,592.0
3.0,8790899cb7774a3f161165fe48b515ef.jpg,GARBAGE,420.0,-92.0,604.0,382.0
3.0,8790899cb7774a3f161165fe48b515ef.jpg,GARBAGE,500.0,280.0,670.0,546.0
3.0,8790899cb7774a3f161165fe48b515ef.jpg,GARBAGE,1880.0,1758.0,696.0,590.0
7.0,1d7d5610db9a7754d542ae4a42212570.jpg,BAD_BILLBOARD,1004.0,-82.0,208.0,-28.0
4.0,00f54ee82124ff35d346d15145475ab4.jpg,CONSTRUCTION_ROAD,984.0,818.0,502.0,374.0
8.0,00f54ee82124ff35d346d15145475ab4.jpg,SAND_ON_ROAD,1284.0,1152.0,492.0,386.0
7.0,569bd96f9a44a2f6f3939e47d4fcab8b.jpg,BAD_BILLBOARD,1506.0,1262.0,510.0,340.0
7.0,569bd96f9a44a2f6f3939e47d4fcab8b.jpg,BAD_BILLBOARD,218.0,-40.0,472.0,330.0
3.0,344e69012c81432a0432f4b191462d50.jpg,GARBAGE,694.0,532.0,662.0,556.0
3.0,344e69012c81432a0432f4b191462d50.jpg,GARBAGE,700.0,662.0,662.0,556.0
7.0,00f6cb1c7473f12ea482dceaad648470.jpg,BAD_BILLBOARD,1016.0,818.0,352.0,232.0
7.0,00f6cb1c7473f12ea482dceaad648470.jpg,BAD_BILLBOARD,832.0,676.0,374.0,220.0
7.0,00f6cb1c7473f12ea482dceaad648470.jpg,BAD_BILLBOARD,764.0,560.0,372.0,206.0
9.0,00f6cb1c7473f12ea482dceaad648470.jpg,CLUTTER_SIDEWALK,1952.0,1372.0,546.0,314.0
3.0,3ffd0c63adf023e1a1ebcf76e0b56341.jpg,GARBAGE,860.0,764.0,502.0,424.0
3.0,19931265011113c90def48b2ef8f84e3.jpg,GARBAGE,600.0,136.0,388.0,144.0
3.0,85445160fc5b1236c54dfdf883cd4a53.jpg,GARBAGE,524.0,404.0,352.0,262.0
3.0,85445160fc5b1236c54dfdf883cd4a53.jpg,GARBAGE,460.0,352.0,376.0,266.0
3.0,85445160fc5b1236c54dfdf883cd4a53.jpg,GARBAGE,716.0,550.0,492.0,388.0
2.0,2ef2b8d79616ba4146665eeb75d422e5.jpg,POTHOLES,1096.0,8.0,834.0,386.0
2.0,2ef2b8d79616ba4146665eeb75d422e5.jpg,POTHOLES,1602.0,846.0,886.0,434.0
4.0,d8176dafdd2e327e81444e98f98e33e8.jpg,CONSTRUCTION_ROAD,1992.0,862.0,876.0,316.0
4.0,d8176dafdd2e327e81444e98f98e33e8.jpg,CONSTRUCTION_ROAD,800.0,212.0,652.0,390.0
2.0,d8176dafdd2e327e81444e98f98e33e8.jpg,POTHOLES,1608.0,1244.0,1078.0,710.0
3.0,a1ac5297cb079b55912c39e3fdf0e775.jpg,GARBAGE,358.0,166.0,638.0,482.0
7.0,fc0c2d4c9388ba07adb7a50a19facb82.jpg,BAD_BILLBOARD,1920.0,1644.0,386.0,222.0
7.0,fc0c2d4c9388ba07adb7a50a19facb82.jpg,BAD_BILLBOARD,1276.0,1118.0,388.0,280.0
7.0,fc0c2d4c9388ba07adb7a50a19facb82.jpg,BAD_BILLBOARD,1180.0,1074.0,390.0,310.0
7.0,fc0c2d4c9388ba07adb7a50a19facb82.jpg,BAD_BILLBOARD,1092.0,984.0,400.0,350.0
7.0,fc0c2d4c9388ba07adb7a50a19facb82.jpg,BAD_BILLBOARD,1048.0,932.0,424.0,338.0
7.0,ceba09208f73e7059925cf8ba1a9a956.jpg,BAD_BILLBOARD,352.0,-18.0,140.0,-2.0
7.0,ceba09208f73e7059925cf8ba1a9a956.jpg,BAD_BILLBOARD,388.0,236.0,132.0,48.0
7.0,ceba09208f73e7059925cf8ba1a9a956.jpg,BAD_BILLBOARD,622.0,376.0,154.0,0.0
4.0,253243957cb0f5b111a5475472e7d23a.jpg,CONSTRUCTION_ROAD,750.0,70.0,588.0,266.0
4.0,253243957cb0f5b111a5475472e7d23a.jpg,CONSTRUCTION_ROAD,378.0,-62.0,576.0,252.0
4.0,253243957cb0f5b111a5475472e7d23a.jpg,CONSTRUCTION_ROAD,1272.0,754.0,522.0,294.0
3.0,91ec12ee7f1fe194f7fed4418ca8ec4e.jpg,GARBAGE,1572.0,1140.0,588.0,290.0
3.0,91ec12ee7f1fe194f7fed4418ca8ec4e.jpg,GARBAGE,1464.0,1284.0,282.0,186.0
7.0,4cc269f5ada8d00898184291fa594e15.jpg,BAD_BILLBOARD,1938.0,1402.0,358.0,194.0
3.0,d2bed4776c046ea358151744e6d42688.jpg,GARBAGE,846.0,686.0,406.0,344.0
3.0,d2bed4776c046ea358151744e6d42688.jpg,GARBAGE,666.0,584.0,364.0,320.0
9.0,d2bed4776c046ea358151744e6d42688.jpg,CLUTTER_SIDEWALK,1236.0,-282.0,934.0,420.0
9.0,d2bed4776c046ea358151744e6d42688.jpg,CLUTTER_SIDEWALK,2234.0,504.0,958.0,382.0
3.0,fb914098ab04f47260ac0f1224539a6b.jpg,GARBAGE,532.0,312.0,774.0,632.0
3.0,fb914098ab04f47260ac0f1224539a6b.jpg,GARBAGE,1572.0,1428.0,774.0,638.0
3.0,425cae48797034bcb1efe1d16124906c.jpg,GARBAGE,864.0,514.0,572.0,316.0
9.0,e6281de3bde14e6dd8c82ae576746013.jpg,CLUTTER_SIDEWALK,2184.0,30.0,768.0,406.0
9.0,6fad9974f4ac17a568b4821207affc8d.jpg,CLUTTER_SIDEWALK,2180.0,168.0,1102.0,514.0
3.0,6fad9974f4ac17a568b4821207affc8d.jpg,GARBAGE,982.0,836.0,598.0,508.0
3.0,6fad9974f4ac17a568b4821207affc8d.jpg,GARBAGE,1932.0,1652.0,974.0,812.0
9.0,de04d884d3cebff77b01c14d4e787448.jpg,CLUTTER_SIDEWALK,1250.0,-24.0,686.0,380.0
9.0,de04d884d3cebff77b01c14d4e787448.jpg,CLUTTER_SIDEWALK,1968.0,1320.0,600.0,398.0
0.0,36483d4f98f60b059443b30e86d38980.jpg,GRAFFITI,1832.0,1572.0,590.0,384.0
0.0,36483d4f98f60b059443b30e86d38980.jpg,GRAFFITI,1964.0,1754.0,552.0,426.0
3.0,56a081f26a0e96b6633cf49ec8a5fede.jpg,GARBAGE,316.0,78.0,292.0,122.0
5.0,ac0e3cb82cae8d807c0b3a833832e2fd.jpg,BROKEN_SIGNAGE,1588.0,1114.0,1004.0,472.0
3.0,0786f59294df93c29c945e0f370825ca.jpg,GARBAGE,1892.0,1730.0,698.0,558.0
5.0,0786f59294df93c29c945e0f370825ca.jpg,BROKEN_SIGNAGE,1382.0,1184.0,642.0,388.0
3.0,9ffc83fbecbc386363ab897e03aa2a35.jpg,GARBAGE,760.0,604.0,474.0,390.0
3.0,9ffc83fbecbc386363ab897e03aa2a35.jpg,GARBAGE,1562.0,1406.0,506.0,424.0
3.0,c1029c369b7fd79de18f84e2aaa5dda9.jpg,GARBAGE,900.0,656.0,596.0,418.0
4.0,c1029c369b7fd79de18f84e2aaa5dda9.jpg,CONSTRUCTION_ROAD,1684.0,1360.0,556.0,310.0
4.0,6ffa97dca9b277c5ed01d24b2d0b03b7.jpg,CONSTRUCTION_ROAD,620.0,278.0,566.0,470.0
4.0,6ffa97dca9b277c5ed01d24b2d0b03b7.jpg,CONSTRUCTION_ROAD,822.0,448.0,568.0,408.0
0.0,a0b6bb202e1549b1ea637adc9dae4dbf.jpg,GRAFFITI,2212.0,452.0,946.0,184.0
9.0,96974d7fa328ec6e54adf2938acb3dde.jpg,CLUTTER_SIDEWALK,934.0,-38.0,694.0,422.0
9.0,96974d7fa328ec6e54adf2938acb3dde.jpg,CLUTTER_SIDEWALK,2040.0,436.0,704.0,402.0
3.0,96974d7fa328ec6e54adf2938acb3dde.jpg,GARBAGE,1056.0,862.0,722.0,600.0
3.0,96974d7fa328ec6e54adf2938acb3dde.jpg,GARBAGE,1692.0,1486.0,710.0,572.0
3.0,cf8d98610237f4e4cdc5ede490ec0fb3.jpg,GARBAGE,1352.0,1224.0,706.0,596.0
3.0,cf8d98610237f4e4cdc5ede490ec0fb3.jpg,GARBAGE,1932.0,1766.0,708.0,610.0
3.0,5eaab4d44509f94ce2d253a43532c8cd.jpg,GARBAGE,768.0,588.0,614.0,466.0
3.0,5eaab4d44509f94ce2d253a43532c8cd.jpg,GARBAGE,1514.0,1310.0,670.0,534.0
7.0,5eaab4d44509f94ce2d253a43532c8cd.jpg,BAD_BILLBOARD,1950.0,1602.0,454.0,280.0
7.0,b77d1f0728dad706abab56cedcc5bf96.jpg,BAD_BILLBOARD,1618.0,1374.0,374.0,234.0
2.0,2053ccdefe61c3bf36923aca3a042c26.jpg,POTHOLES,964.0,418.0,1074.0,614.0
2.0,2053ccdefe61c3bf36923aca3a042c26.jpg,POTHOLES,1408.0,1060.0,996.0,532.0
3.0,2053ccdefe61c3bf36923aca3a042c26.jpg,GARBAGE,574.0,348.0,498.0,380.0
4.0,83d142b0d50c210abdbfef35a8024136.jpg,CONSTRUCTION_ROAD,1302.0,590.0,672.0,308.0
4.0,83d142b0d50c210abdbfef35a8024136.jpg,CONSTRUCTION_ROAD,858.0,304.0,676.0,344.0
4.0,83d142b0d50c210abdbfef35a8024136.jpg,CONSTRUCTION_ROAD,650.0,-64.0,730.0,310.0
7.0,984553119690b144b79e28e552f97250.jpg,BAD_BILLBOARD,1198.0,730.0,322.0,34.0
9.0,984553119690b144b79e28e552f97250.jpg,CLUTTER_SIDEWALK,2174.0,822.0,1164.0,506.0
9.0,984553119690b144b79e28e552f97250.jpg,CLUTTER_SIDEWALK,1438.0,-278.0,1226.0,584.0
2.0,72e3a148529e67797eca3434bfb2a6b2.jpg,POTHOLES,418.0,192.0,658.0,462.0
2.0,72e3a148529e67797eca3434bfb2a6b2.jpg,POTHOLES,808.0,514.0,650.0,474.0
2.0,72e3a148529e67797eca3434bfb2a6b2.jpg,POTHOLES,1892.0,1738.0,742.0,606.0
8.0,fdfe7e0aaa83fc43791cc03e694a654a.jpg,SAND_ON_ROAD,1196.0,-214.0,998.0,-104.0
8.0,fdfe7e0aaa83fc43791cc03e694a654a.jpg,SAND_ON_ROAD,2136.0,562.0,1122.0,40.0
8.0,fdfe7e0aaa83fc43791cc03e694a654a.jpg,SAND_ON_ROAD,2028.0,1068.0,492.0,106.0
3.0,adf2ac937bfaea379e597c2462fcf923.jpg,GARBAGE,1682.0,1410.0,474.0,242.0
2.0,79bfa53039763f59515f06530b5adb83.jpg,POTHOLES,1758.0,1046.0,822.0,516.0
2.0,79bfa53039763f59515f06530b5adb83.jpg,POTHOLES,894.0,182.0,836.0,584.0
2.0,79bfa53039763f59515f06530b5adb83.jpg,POTHOLES,392.0,-72.0,880.0,584.0
3.0,79bfa53039763f59515f06530b5adb83.jpg,GARBAGE,1920.0,1718.0,680.0,580.0
3.0,9e6d544236da5c38b2ce43deb3098dc8.jpg,GARBAGE,172.0,-28.0,720.0,490.0
3.0,2cac24a37733ee91318011eb09f04a2e.jpg,GARBAGE,174.0,-6.0,826.0,670.0
3.0,ca8d06e5b002d16fe904e4ed0bcc2ff7.jpg,GARBAGE,1960.0,1762.0,476.0,290.0
3.0,ca8d06e5b002d16fe904e4ed0bcc2ff7.jpg,GARBAGE,1818.0,1594.0,476.0,296.0
3.0,ca8d06e5b002d16fe904e4ed0bcc2ff7.jpg,GARBAGE,1678.0,1446.0,482.0,296.0
3.0,ca8d06e5b002d16fe904e4ed0bcc2ff7.jpg,GARBAGE,1574.0,1336.0,482.0,306.0
3.0,ca8d06e5b002d16fe904e4ed0bcc2ff7.jpg,GARBAGE,1450.0,1192.0,608.0,396.0
3.0,ca8d06e5b002d16fe904e4ed0bcc2ff7.jpg,GARBAGE,1278.0,1038.0,574.0,328.0
3.0,ca8d06e5b002d16fe904e4ed0bcc2ff7.jpg,GARBAGE,1136.0,908.0,562.0,334.0
3.0,ca8d06e5b002d16fe904e4ed0bcc2ff7.jpg,GARBAGE,1008.0,754.0,440.0,216.0
3.0,ca8d06e5b002d16fe904e4ed0bcc2ff7.jpg,GARBAGE,1110.0,940.0,442.0,284.0
3.0,ca8d06e5b002d16fe904e4ed0bcc2ff7.jpg,GARBAGE,816.0,560.0,484.0,280.0
3.0,ca8d06e5b002d16fe904e4ed0bcc2ff7.jpg,GARBAGE,542.0,354.0,438.0,294.0
3.0,ca8d06e5b002d16fe904e4ed0bcc2ff7.jpg,GARBAGE,638.0,180.0,550.0,372.0
3.0,ca8d06e5b002d16fe904e4ed0bcc2ff7.jpg,GARBAGE,352.0,106.0,490.0,294.0
3.0,ca8d06e5b002d16fe904e4ed0bcc2ff7.jpg,GARBAGE,218.0,42.0,588.0,404.0
3.0,ca8d06e5b002d16fe904e4ed0bcc2ff7.jpg,GARBAGE,934.0,690.0,652.0,500.0
9.0,94bcf5c029649b0ebf59d18d2b2c47e6.jpg,CLUTTER_SIDEWALK,1002.0,-150.0,944.0,400.0
9.0,94bcf5c029649b0ebf59d18d2b2c47e6.jpg,CLUTTER_SIDEWALK,2174.0,370.0,968.0,420.0
4.0,d10ade0240e3f045b43fb9246ea3c97a.jpg,CONSTRUCTION_ROAD,2190.0,1090.0,766.0,240.0
4.0,d10ade0240e3f045b43fb9246ea3c97a.jpg,CONSTRUCTION_ROAD,1432.0,1040.0,620.0,320.0
4.0,d10ade0240e3f045b43fb9246ea3c97a.jpg,CONSTRUCTION_ROAD,1198.0,838.0,544.0,354.0
4.0,d10ade0240e3f045b43fb9246ea3c97a.jpg,CONSTRUCTION_ROAD,1014.0,788.0,508.0,356.0
3.0,b86abed6e82277061590ecbe7a7d2e4a.jpg,GARBAGE,578.0,272.0,532.0,368.0
3.0,b86abed6e82277061590ecbe7a7d2e4a.jpg,GARBAGE,244.0,-24.0,562.0,380.0
3.0,80d473c28337dce4200ef8a72662641c.jpg,GARBAGE,1084.0,740.0,656.0,490.0
3.0,80d473c28337dce4200ef8a72662641c.jpg,GARBAGE,1234.0,1086.0,610.0,422.0
0.0,f9cc9d6852e5dba71a94b65654f1a801.jpg,GRAFFITI,100.0,-26.0,508.0,364.0
3.0,daf098683880a831aff0f39b8e3c716a.jpg,GARBAGE,376.0,-44.0,748.0,550.0
3.0,daf098683880a831aff0f39b8e3c716a.jpg,GARBAGE,600.0,362.0,698.0,582.0
3.0,daf098683880a831aff0f39b8e3c716a.jpg,GARBAGE,1074.0,896.0,686.0,492.0
3.0,daf098683880a831aff0f39b8e3c716a.jpg,GARBAGE,1498.0,1252.0,610.0,468.0
3.0,daf098683880a831aff0f39b8e3c716a.jpg,GARBAGE,1652.0,1490.0,626.0,528.0
4.0,40936238732fd089dd4f0d1ad9cf43a3.jpg,CONSTRUCTION_ROAD,782.0,-14.0,672.0,298.0
4.0,40936238732fd089dd4f0d1ad9cf43a3.jpg,CONSTRUCTION_ROAD,1186.0,590.0,672.0,278.0
4.0,40936238732fd089dd4f0d1ad9cf43a3.jpg,CONSTRUCTION_ROAD,1136.0,560.0,494.0,218.0
4.0,40936238732fd089dd4f0d1ad9cf43a3.jpg,CONSTRUCTION_ROAD,676.0,-80.0,484.0,248.0
3.0,5d792bc7e793b15125b325e29628d564.jpg,GARBAGE,964.0,818.0,444.0,362.0
3.0,5d792bc7e793b15125b325e29628d564.jpg,GARBAGE,1482.0,1312.0,534.0,432.0
3.0,5d792bc7e793b15125b325e29628d564.jpg,GARBAGE,1590.0,1356.0,494.0,356.0
3.0,5d792bc7e793b15125b325e29628d564.jpg,GARBAGE,1420.0,1232.0,586.0,480.0
3.0,386f384cbbe31cf99bb9a86958839bc1.jpg,GARBAGE,542.0,410.0,576.0,466.0
1.0,386f384cbbe31cf99bb9a86958839bc1.jpg,FADED_SIGNAGE,724.0,596.0,412.0,284.0
4.0,386f384cbbe31cf99bb9a86958839bc1.jpg,CONSTRUCTION_ROAD,754.0,614.0,524.0,338.0
7.0,386f384cbbe31cf99bb9a86958839bc1.jpg,BAD_BILLBOARD,1450.0,1150.0,394.0,194.0
3.0,a2354d016537fc1f5dddee6ffe5e354d.jpg,GARBAGE,1476.0,1244.0,678.0,504.0
3.0,a2354d016537fc1f5dddee6ffe5e354d.jpg,GARBAGE,1298.0,1146.0,648.0,538.0
0.0,a2354d016537fc1f5dddee6ffe5e354d.jpg,GRAFFITI,1572.0,1374.0,530.0,380.0
0.0,a2354d016537fc1f5dddee6ffe5e354d.jpg,GRAFFITI,1786.0,1624.0,504.0,388.0
8.0,6f7f7a9a067c65f40417267f7fb2fcb1.jpg,SAND_ON_ROAD,1776.0,1492.0,512.0,362.0
3.0,6f7f7a9a067c65f40417267f7fb2fcb1.jpg,GARBAGE,1660.0,1512.0,490.0,360.0
3.0,6f7f7a9a067c65f40417267f7fb2fcb1.jpg,GARBAGE,1566.0,1394.0,516.0,350.0
4.0,02533dafc548f483ce858ce385dfba6b.jpg,CONSTRUCTION_ROAD,464.0,30.0,466.0,280.0
4.0,02533dafc548f483ce858ce385dfba6b.jpg,CONSTRUCTION_ROAD,852.0,436.0,400.0,302.0
4.0,02533dafc548f483ce858ce385dfba6b.jpg,CONSTRUCTION_ROAD,1270.0,736.0,382.0,268.0
4.0,02533dafc548f483ce858ce385dfba6b.jpg,CONSTRUCTION_ROAD,1532.0,1090.0,398.0,214.0
4.0,02533dafc548f483ce858ce385dfba6b.jpg,CONSTRUCTION_ROAD,1862.0,1356.0,390.0,176.0
4.0,02533dafc548f483ce858ce385dfba6b.jpg,CONSTRUCTION_ROAD,1878.0,1366.0,594.0,286.0
4.0,02533dafc548f483ce858ce385dfba6b.jpg,CONSTRUCTION_ROAD,1604.0,884.0,636.0,292.0
4.0,02533dafc548f483ce858ce385dfba6b.jpg,CONSTRUCTION_ROAD,1166.0,604.0,646.0,288.0
4.0,02533dafc548f483ce858ce385dfba6b.jpg,CONSTRUCTION_ROAD,888.0,440.0,672.0,312.0
4.0,02533dafc548f483ce858ce385dfba6b.jpg,CONSTRUCTION_ROAD,748.0,-70.0,728.0,310.0
9.0,06455e095c2a8e70e4855171cd175c08.jpg,CLUTTER_SIDEWALK,1144.0,-126.0,1162.0,514.0
9.0,06455e095c2a8e70e4855171cd175c08.jpg,CLUTTER_SIDEWALK,2154.0,646.0,1178.0,520.0
3.0,c7448295cb9d3cf4a09e6a246947c35f.jpg,GARBAGE,766.0,586.0,568.0,476.0
3.0,c7448295cb9d3cf4a09e6a246947c35f.jpg,GARBAGE,1390.0,1260.0,578.0,488.0
3.0,c7448295cb9d3cf4a09e6a246947c35f.jpg,GARBAGE,1890.0,1704.0,586.0,466.0
3.0,c7448295cb9d3cf4a09e6a246947c35f.jpg,GARBAGE,1276.0,1142.0,610.0,444.0
3.0,bed8a59454a058471a483110eab29c50.jpg,GARBAGE,1522.0,1378.0,500.0,372.0
3.0,bed8a59454a058471a483110eab29c50.jpg,GARBAGE,1234.0,1094.0,620.0,490.0
3.0,bed8a59454a058471a483110eab29c50.jpg,GARBAGE,598.0,486.0,646.0,512.0
3.0,450da93d79ed4243790d3c45b60df37a.jpg,GARBAGE,316.0,-32.0,478.0,250.0
3.0,450da93d79ed4243790d3c45b60df37a.jpg,GARBAGE,456.0,212.0,478.0,240.0
3.0,450da93d79ed4243790d3c45b60df37a.jpg,GARBAGE,1436.0,1284.0,630.0,514.0
2.0,0ab67254ad39838a049e8b1167137145.jpg,POTHOLES,900.0,790.0,802.0,470.0
2.0,0ab67254ad39838a049e8b1167137145.jpg,POTHOLES,494.0,314.0,698.0,542.0
2.0,0ab67254ad39838a049e8b1167137145.jpg,POTHOLES,666.0,480.0,614.0,508.0
2.0,0ab67254ad39838a049e8b1167137145.jpg,POTHOLES,298.0,130.0,762.0,622.0
3.0,45fa2eb560ac8aa6c827c1dfd4eb8bef.jpg,GARBAGE,1524.0,1184.0,552.0,398.0
7.0,f293a5503d57f6f6f2afbcfc62a62db6.jpg,BAD_BILLBOARD,1066.0,928.0,324.0,236.0
2.0,a785ae87f91164814eb0f5f045fe32c7.jpg,POTHOLES,1750.0,1390.0,788.0,600.0
2.0,a785ae87f91164814eb0f5f045fe32c7.jpg,POTHOLES,1872.0,1566.0,684.0,476.0
0.0,00f079ed418b1cb2cfb5aa2d11dfea03.jpg,GRAFFITI,250.0,136.0,370.0,258.0
2.0,8d001ca09fd77d12a336b8b90453f56d.jpg,POTHOLES,1356.0,1000.0,804.0,526.0
2.0,8d001ca09fd77d12a336b8b90453f56d.jpg,POTHOLES,1648.0,1228.0,962.0,576.0
3.0,5e5e4e225fa5a1dba5061c0dc488cb9e.jpg,GARBAGE,1562.0,1394.0,936.0,810.0
9.0,e8ba12849708d6f069f6714b8e1e8023.jpg,CLUTTER_SIDEWALK,580.0,-142.0,696.0,376.0
7.0,4c710b3a1060ed2712ad58df8b7822b7.jpg,BAD_BILLBOARD,490.0,194.0,340.0,184.0
7.0,4c710b3a1060ed2712ad58df8b7822b7.jpg,BAD_BILLBOARD,318.0,46.0,284.0,162.0
9.0,b8a2d7f45395986273131686a4f30f77.jpg,CLUTTER_SIDEWALK,1076.0,404.0,546.0,310.0
9.0,b8a2d7f45395986273131686a4f30f77.jpg,CLUTTER_SIDEWALK,1654.0,842.0,544.0,294.0
3.0,b8a2d7f45395986273131686a4f30f77.jpg,GARBAGE,882.0,742.0,482.0,360.0
2.0,1a794dff10b7a567a31964416caf7fe5.jpg,POTHOLES,632.0,80.0,796.0,538.0
2.0,1a794dff10b7a567a31964416caf7fe5.jpg,POTHOLES,1108.0,404.0,818.0,582.0
2.0,1a794dff10b7a567a31964416caf7fe5.jpg,POTHOLES,1682.0,788.0,874.0,550.0
2.0,1a794dff10b7a567a31964416caf7fe5.jpg,POTHOLES,1466.0,1136.0,1122.0,704.0
2.0,1a794dff10b7a567a31964416caf7fe5.jpg,POTHOLES,1974.0,1332.0,798.0,550.0
0.0,1a794dff10b7a567a31964416caf7fe5.jpg,GRAFFITI,1122.0,774.0,366.0,6.0
0.0,1a794dff10b7a567a31964416caf7fe5.jpg,GRAFFITI,1312.0,936.0,284.0,12.0
9.0,4fbbb00f7391d60c2d8d2cf9131ddce5.jpg,CLUTTER_SIDEWALK,814.0,-188.0,682.0,332.0
9.0,4fbbb00f7391d60c2d8d2cf9131ddce5.jpg,CLUTTER_SIDEWALK,1638.0,444.0,656.0,370.0
3.0,80b29d9e7d790830aeed3091be5d5992.jpg,GARBAGE,1990.0,1242.0,992.0,606.0
3.0,80b29d9e7d790830aeed3091be5d5992.jpg,GARBAGE,1956.0,1690.0,1120.0,898.0
3.0,80b29d9e7d790830aeed3091be5d5992.jpg,GARBAGE,1666.0,1142.0,1112.0,838.0
3.0,80b29d9e7d790830aeed3091be5d5992.jpg,GARBAGE,1026.0,794.0,786.0,604.0
7.0,faa0ac1711aa9885a782230fea5f0287.jpg,BAD_BILLBOARD,1474.0,1330.0,318.0,236.0
7.0,faa0ac1711aa9885a782230fea5f0287.jpg,BAD_BILLBOARD,1428.0,1258.0,328.0,236.0
7.0,faa0ac1711aa9885a782230fea5f0287.jpg,BAD_BILLBOARD,1336.0,1218.0,326.0,252.0
4.0,09a77c30ecbb3c27a3d5c739cf6d9256.jpg,CONSTRUCTION_ROAD,1072.0,784.0,478.0,332.0
4.0,09a77c30ecbb3c27a3d5c739cf6d9256.jpg,CONSTRUCTION_ROAD,802.0,332.0,576.0,258.0
4.0,09a77c30ecbb3c27a3d5c739cf6d9256.jpg,CONSTRUCTION_ROAD,460.0,22.0,626.0,188.0
7.0,09a77c30ecbb3c27a3d5c739cf6d9256.jpg,BAD_BILLBOARD,1460.0,1224.0,432.0,242.0
7.0,09a77c30ecbb3c27a3d5c739cf6d9256.jpg,BAD_BILLBOARD,1270.0,1054.0,420.0,276.0
3.0,5121c3e84093d505e09152697e816512.jpg,GARBAGE,1124.0,900.0,634.0,508.0
9.0,e3f24cd8f5eed952a77c3fb88b7600bd.jpg,CLUTTER_SIDEWALK,666.0,358.0,528.0,368.0
9.0,e3f24cd8f5eed952a77c3fb88b7600bd.jpg,CLUTTER_SIDEWALK,424.0,26.0,568.0,406.0
3.0,e3f24cd8f5eed952a77c3fb88b7600bd.jpg,GARBAGE,1572.0,1428.0,560.0,426.0
4.0,e1f7944c715d54abcda8a414b01301fa.jpg,CONSTRUCTION_ROAD,710.0,324.0,512.0,288.0
4.0,e1f7944c715d54abcda8a414b01301fa.jpg,CONSTRUCTION_ROAD,512.0,-58.0,580.0,242.0
7.0,88f37a7d70ab9bc906c4464f5f9d1a3f.jpg,BAD_BILLBOARD,1624.0,1334.0,436.0,268.0
3.0,fed5e6d093f3ca16365be04571bfbebc.jpg,GARBAGE,526.0,428.0,468.0,406.0
3.0,fed5e6d093f3ca16365be04571bfbebc.jpg,GARBAGE,1858.0,1620.0,724.0,554.0
9.0,e54b8eaaa0794cb6c78904ec8e4d1fba.jpg,CLUTTER_SIDEWALK,1752.0,690.0,800.0,538.0
9.0,e54b8eaaa0794cb6c78904ec8e4d1fba.jpg,CLUTTER_SIDEWALK,816.0,182.0,776.0,546.0
3.0,dd40e7d4681fbda17184919f5e79a05a.jpg,GARBAGE,1450.0,1004.0,542.0,164.0
3.0,dd40e7d4681fbda17184919f5e79a05a.jpg,GARBAGE,1170.0,980.0,478.0,278.0
3.0,dd40e7d4681fbda17184919f5e79a05a.jpg,GARBAGE,914.0,728.0,500.0,290.0
3.0,dd40e7d4681fbda17184919f5e79a05a.jpg,GARBAGE,1052.0,822.0,488.0,292.0
2.0,7eea5f7db1dafdffe3e4f32f8b8b4eb3.jpg,POTHOLES,574.0,-94.0,1062.0,398.0
2.0,7eea5f7db1dafdffe3e4f32f8b8b4eb3.jpg,POTHOLES,826.0,64.0,1110.0,606.0
3.0,bda5447b4ec7bcafa823e22f7187cc8d.jpg,GARBAGE,1646.0,1456.0,680.0,490.0
3.0,bda5447b4ec7bcafa823e22f7187cc8d.jpg,GARBAGE,1524.0,1282.0,716.0,524.0
8.0,bda5447b4ec7bcafa823e22f7187cc8d.jpg,SAND_ON_ROAD,1642.0,1364.0,658.0,432.0
3.0,bda5447b4ec7bcafa823e22f7187cc8d.jpg,GARBAGE,1926.0,1802.0,898.0,782.0
3.0,390a3ebebeb27d28832b2561665ddda5.jpg,GARBAGE,1924.0,1838.0,658.0,574.0
3.0,390a3ebebeb27d28832b2561665ddda5.jpg,GARBAGE,1836.0,1688.0,882.0,720.0
3.0,390a3ebebeb27d28832b2561665ddda5.jpg,GARBAGE,886.0,716.0,540.0,388.0
2.0,4a389589cc4c310ab375cf907981e97e.jpg,POTHOLES,580.0,84.0,766.0,476.0
10.0,c29a5d9a9ff70e8b6678f167dbe8a6fd.jpg,UNKEPT_FACADE,2096.0,1210.0,496.0,152.0
3.0,c29a5d9a9ff70e8b6678f167dbe8a6fd.jpg,GARBAGE,400.0,158.0,578.0,468.0
3.0,c29a5d9a9ff70e8b6678f167dbe8a6fd.jpg,GARBAGE,908.0,748.0,582.0,470.0
3.0,c29a5d9a9ff70e8b6678f167dbe8a6fd.jpg,GARBAGE,1408.0,1282.0,588.0,466.0
3.0,c29a5d9a9ff70e8b6678f167dbe8a6fd.jpg,GARBAGE,1178.0,1024.0,586.0,478.0
3.0,3a3b0c3fa6099c09c1e366ed540541d0.jpg,GARBAGE,1972.0,1628.0,496.0,236.0
3.0,85979b78ef04feba38412c2e4c9505ac.jpg,GARBAGE,1724.0,1492.0,622.0,438.0
2.0,85979b78ef04feba38412c2e4c9505ac.jpg,POTHOLES,668.0,260.0,812.0,588.0
2.0,85979b78ef04feba38412c2e4c9505ac.jpg,POTHOLES,474.0,-116.0,980.0,672.0
2.0,85979b78ef04feba38412c2e4c9505ac.jpg,POTHOLES,836.0,518.0,1160.0,764.0
3.0,1d22245e7f374ba73c5c76a2667dd5c9.jpg,GARBAGE,660.0,466.0,460.0,328.0
3.0,1d22245e7f374ba73c5c76a2667dd5c9.jpg,GARBAGE,968.0,752.0,550.0,436.0
3.0,1d22245e7f374ba73c5c76a2667dd5c9.jpg,GARBAGE,1616.0,1464.0,512.0,422.0
3.0,1d22245e7f374ba73c5c76a2667dd5c9.jpg,GARBAGE,1350.0,1194.0,636.0,492.0
3.0,1d22245e7f374ba73c5c76a2667dd5c9.jpg,GARBAGE,448.0,360.0,472.0,380.0
9.0,163c888c4950d3097b185bcc73f77bfc.jpg,CLUTTER_SIDEWALK,792.0,450.0,446.0,268.0
9.0,163c888c4950d3097b185bcc73f77bfc.jpg,CLUTTER_SIDEWALK,642.0,154.0,514.0,310.0
9.0,163c888c4950d3097b185bcc73f77bfc.jpg,CLUTTER_SIDEWALK,338.0,-32.0,564.0,362.0
3.0,163c888c4950d3097b185bcc73f77bfc.jpg,GARBAGE,1438.0,1258.0,392.0,288.0
4.0,279913ca5b8ddecd4823e396c0f26cd6.jpg,CONSTRUCTION_ROAD,740.0,508.0,446.0,274.0
4.0,279913ca5b8ddecd4823e396c0f26cd6.jpg,CONSTRUCTION_ROAD,448.0,-80.0,552.0,122.0
4.0,e0f87f2e41f32ee9617f2da9f70c8aed.jpg,CONSTRUCTION_ROAD,890.0,596.0,488.0,282.0
4.0,e0f87f2e41f32ee9617f2da9f70c8aed.jpg,CONSTRUCTION_ROAD,720.0,344.0,536.0,216.0
4.0,e0f87f2e41f32ee9617f2da9f70c8aed.jpg,CONSTRUCTION_ROAD,578.0,-102.0,606.0,132.0
4.0,688a2681739d84a0cd4a8f5df9619cd4.jpg,CONSTRUCTION_ROAD,1248.0,1024.0,486.0,386.0
4.0,688a2681739d84a0cd4a8f5df9619cd4.jpg,CONSTRUCTION_ROAD,992.0,758.0,476.0,382.0
2.0,e52344862e35823df0496e549227f755.jpg,POTHOLES,1096.0,904.0,484.0,300.0
3.0,091c16cfb96f3766ae9ac32f80e5e8b1.jpg,GARBAGE,584.0,332.0,738.0,622.0
9.0,091c16cfb96f3766ae9ac32f80e5e8b1.jpg,CLUTTER_SIDEWALK,814.0,-104.0,750.0,604.0
3.0,091c16cfb96f3766ae9ac32f80e5e8b1.jpg,GARBAGE,570.0,496.0,600.0,498.0
3.0,5467eaea5cf834c9fc82a3b7ff7ab88d.jpg,GARBAGE,1010.0,888.0,738.0,640.0
3.0,501c80048d194e591ecfedb8dc8c62db.jpg,GARBAGE,2034.0,1568.0,714.0,460.0
3.0,501c80048d194e591ecfedb8dc8c62db.jpg,GARBAGE,1616.0,1334.0,812.0,612.0
3.0,501c80048d194e591ecfedb8dc8c62db.jpg,GARBAGE,1294.0,1078.0,800.0,638.0
3.0,361db93676a8290cf1106283be08dbde.jpg,GARBAGE,382.0,88.0,728.0,576.0
3.0,361db93676a8290cf1106283be08dbde.jpg,GARBAGE,534.0,438.0,430.0,360.0
2.0,b611c4b23a541c47fc34dc96af01938c.jpg,POTHOLES,1174.0,970.0,602.0,444.0
2.0,b611c4b23a541c47fc34dc96af01938c.jpg,POTHOLES,1428.0,1168.0,572.0,414.0
2.0,b611c4b23a541c47fc34dc96af01938c.jpg,POTHOLES,1402.0,1046.0,820.0,576.0
7.0,e38d7ca9b2fde38f9f161dbb23621cdd.jpg,BAD_BILLBOARD,1684.0,844.0,362.0,164.0
3.0,e38d7ca9b2fde38f9f161dbb23621cdd.jpg,GARBAGE,768.0,634.0,440.0,352.0
4.0,93d3c307bbf56d6c01d819ebf7dcc0a1.jpg,CONSTRUCTION_ROAD,580.0,404.0,470.0,348.0
4.0,93d3c307bbf56d6c01d819ebf7dcc0a1.jpg,CONSTRUCTION_ROAD,462.0,288.0,476.0,370.0
4.0,93d3c307bbf56d6c01d819ebf7dcc0a1.jpg,CONSTRUCTION_ROAD,380.0,164.0,468.0,354.0
3.0,e4735d12c9a54896e88f2d930e58e297.jpg,GARBAGE,616.0,400.0,550.0,390.0
3.0,e1163dedc48ba352eae7e0761060539e.jpg,GARBAGE,198.0,-44.0,746.0,566.0
7.0,e1163dedc48ba352eae7e0761060539e.jpg,BAD_BILLBOARD,1244.0,930.0,74.0,-12.0
7.0,e1163dedc48ba352eae7e0761060539e.jpg,BAD_BILLBOARD,446.0,52.0,266.0,64.0
3.0,c65e07905f7cb7211949663557afed5f.jpg,GARBAGE,410.0,254.0,420.0,316.0
3.0,7d04fdfe85564d86120c8ffe81cd9864.jpg,GARBAGE,1034.0,788.0,530.0,378.0
3.0,7d04fdfe85564d86120c8ffe81cd9864.jpg,GARBAGE,1950.0,1780.0,534.0,418.0
3.0,7d04fdfe85564d86120c8ffe81cd9864.jpg,GARBAGE,1750.0,1574.0,588.0,464.0
3.0,7d04fdfe85564d86120c8ffe81cd9864.jpg,GARBAGE,318.0,196.0,470.0,388.0
4.0,93fabe467aeecd1ad55ebfc0556c52dc.jpg,CONSTRUCTION_ROAD,1364.0,960.0,608.0,280.0
4.0,93fabe467aeecd1ad55ebfc0556c52dc.jpg,CONSTRUCTION_ROAD,2066.0,1034.0,816.0,252.0
3.0,93fabe467aeecd1ad55ebfc0556c52dc.jpg,GARBAGE,718.0,540.0,524.0,434.0
3.0,93fabe467aeecd1ad55ebfc0556c52dc.jpg,GARBAGE,514.0,312.0,536.0,442.0
4.0,e28423a3c925c9b5f0eb6e5299a323db.jpg,CONSTRUCTION_ROAD,1330.0,-262.0,812.0,204.0
4.0,e28423a3c925c9b5f0eb6e5299a323db.jpg,CONSTRUCTION_ROAD,2210.0,520.0,908.0,8.0
3.0,e156b51176b139487eb1a5ec9d48f845.jpg,GARBAGE,1846.0,1710.0,780.0,672.0
3.0,e156b51176b139487eb1a5ec9d48f845.jpg,GARBAGE,212.0,-48.0,612.0,424.0
4.0,65b259612090ddf276731738ce3c27bd.jpg,CONSTRUCTION_ROAD,2154.0,42.0,1054.0,176.0
3.0,65b259612090ddf276731738ce3c27bd.jpg,GARBAGE,1548.0,1386.0,632.0,526.0
3.0,65b259612090ddf276731738ce3c27bd.jpg,GARBAGE,1392.0,1168.0,820.0,662.0
3.0,65b259612090ddf276731738ce3c27bd.jpg,GARBAGE,1242.0,1036.0,766.0,622.0
2.0,2c2a2de6f7592584018cd92bf68f4dba.jpg,POTHOLES,1126.0,564.0,1020.0,706.0
2.0,2c2a2de6f7592584018cd92bf68f4dba.jpg,POTHOLES,2006.0,1016.0,1098.0,632.0
9.0,2c57ec74a93f0a9943884138cdc370ab.jpg,CLUTTER_SIDEWALK,824.0,-190.0,794.0,460.0
9.0,2c57ec74a93f0a9943884138cdc370ab.jpg,CLUTTER_SIDEWALK,1494.0,450.0,798.0,460.0
9.0,2c57ec74a93f0a9943884138cdc370ab.jpg,CLUTTER_SIDEWALK,1956.0,1314.0,798.0,448.0
3.0,687064c8c1d53766ae410ff724d2cb5c.jpg,GARBAGE,832.0,178.0,560.0,218.0
3.0,687064c8c1d53766ae410ff724d2cb5c.jpg,GARBAGE,2048.0,1152.0,1016.0,278.0
8.0,687064c8c1d53766ae410ff724d2cb5c.jpg,SAND_ON_ROAD,1664.0,-122.0,1210.0,344.0
7.0,18ba9770a006642434ad506919b44f1e.jpg,BAD_BILLBOARD,1884.0,1626.0,358.0,254.0
7.0,18ba9770a006642434ad506919b44f1e.jpg,BAD_BILLBOARD,1846.0,1706.0,298.0,212.0
3.0,ac38e79571543d3500e73b874014e14c.jpg,GARBAGE,298.0,110.0,522.0,384.0
3.0,ac38e79571543d3500e73b874014e14c.jpg,GARBAGE,524.0,368.0,532.0,434.0
0.0,ac38e79571543d3500e73b874014e14c.jpg,GRAFFITI,1354.0,1104.0,494.0,356.0
3.0,17288e17169fbc1c8ca857e305b6a878.jpg,GARBAGE,338.0,246.0,764.0,670.0
3.0,17288e17169fbc1c8ca857e305b6a878.jpg,GARBAGE,210.0,102.0,796.0,680.0
3.0,e2a3169861c799d2d2be463a1b2eb804.jpg,GARBAGE,1400.0,1162.0,836.0,626.0
4.0,e2a3169861c799d2d2be463a1b2eb804.jpg,CONSTRUCTION_ROAD,2028.0,1160.0,1014.0,176.0
4.0,e2a3169861c799d2d2be463a1b2eb804.jpg,CONSTRUCTION_ROAD,1648.0,-178.0,1064.0,222.0
7.0,3b06a1d9445c07e9245ee61a7f85d36e.jpg,BAD_BILLBOARD,1724.0,1164.0,128.0,-34.0
2.0,27c89662204c302292e55f82a4625e99.jpg,POTHOLES,1406.0,1036.0,850.0,642.0
2.0,27c89662204c302292e55f82a4625e99.jpg,POTHOLES,1746.0,1452.0,814.0,632.0
2.0,8d328fcc2002cfab021c0d98d24bd6d8.jpg,POTHOLES,818.0,500.0,614.0,358.0
2.0,8d328fcc2002cfab021c0d98d24bd6d8.jpg,POTHOLES,1890.0,1540.0,550.0,376.0
3.0,d18e0183d76ae92cf540f1a485f49470.jpg,GARBAGE,178.0,10.0,452.0,324.0
4.0,f9699dbcf2630fd8b170da4be868e450.jpg,CONSTRUCTION_ROAD,1064.0,592.0,410.0,190.0
4.0,f9699dbcf2630fd8b170da4be868e450.jpg,CONSTRUCTION_ROAD,1694.0,882.0,396.0,196.0
4.0,f9699dbcf2630fd8b170da4be868e450.jpg,CONSTRUCTION_ROAD,1854.0,1220.0,644.0,302.0
4.0,f9699dbcf2630fd8b170da4be868e450.jpg,CONSTRUCTION_ROAD,1532.0,734.0,660.0,290.0
4.0,f9699dbcf2630fd8b170da4be868e450.jpg,CONSTRUCTION_ROAD,1090.0,230.0,694.0,266.0
2.0,4cab0708f5a2e93d288e68e19de121b7.jpg,POTHOLES,1456.0,740.0,1058.0,700.0
2.0,4cab0708f5a2e93d288e68e19de121b7.jpg,POTHOLES,660.0,98.0,1122.0,816.0
3.0,ee7de065e7822f18a4bfd6c0c9064b32.jpg,GARBAGE,1422.0,1200.0,476.0,348.0
4.0,533190ebaa687b79f6d57ff673dd4cd5.jpg,CONSTRUCTION_ROAD,1156.0,978.0,452.0,346.0
4.0,533190ebaa687b79f6d57ff673dd4cd5.jpg,CONSTRUCTION_ROAD,1342.0,1050.0,518.0,356.0
4.0,533190ebaa687b79f6d57ff673dd4cd5.jpg,CONSTRUCTION_ROAD,1664.0,1184.0,634.0,308.0
4.0,533190ebaa687b79f6d57ff673dd4cd5.jpg,CONSTRUCTION_ROAD,2032.0,1404.0,710.0,310.0
4.0,533190ebaa687b79f6d57ff673dd4cd5.jpg,CONSTRUCTION_ROAD,822.0,546.0,486.0,302.0
4.0,533190ebaa687b79f6d57ff673dd4cd5.jpg,CONSTRUCTION_ROAD,704.0,342.0,488.0,322.0
4.0,533190ebaa687b79f6d57ff673dd4cd5.jpg,CONSTRUCTION_ROAD,496.0,116.0,538.0,268.0
4.0,533190ebaa687b79f6d57ff673dd4cd5.jpg,CONSTRUCTION_ROAD,328.0,-92.0,610.0,218.0
2.0,33e9840a4fdc78f10ef92fe955079e3f.jpg,POTHOLES,1244.0,638.0,1112.0,772.0
8.0,10815c9cdd54c437e7114ef84b09d0f1.jpg,SAND_ON_ROAD,700.0,326.0,582.0,402.0
3.0,10815c9cdd54c437e7114ef84b09d0f1.jpg,GARBAGE,304.0,162.0,550.0,468.0
3.0,10815c9cdd54c437e7114ef84b09d0f1.jpg,GARBAGE,226.0,-64.0,642.0,490.0
3.0,4d758d0dcdd1adb8de62017d2f282a76.jpg,GARBAGE,1256.0,1120.0,504.0,370.0
0.0,59f9ac91ed2b0070d96860365d0d0255.jpg,GRAFFITI,1332.0,1212.0,434.0,314.0
0.0,59f9ac91ed2b0070d96860365d0d0255.jpg,GRAFFITI,1452.0,1244.0,462.0,308.0
0.0,59f9ac91ed2b0070d96860365d0d0255.jpg,GRAFFITI,1650.0,1318.0,508.0,256.0
0.0,59f9ac91ed2b0070d96860365d0d0255.jpg,GRAFFITI,1786.0,1526.0,416.0,266.0
0.0,f2de2e54033e7255e4b07ae15feadb7e.jpg,GRAFFITI,270.0,-70.0,502.0,322.0
3.0,48f3354140ebd4f7a85fee11f6337580.jpg,GARBAGE,342.0,206.0,622.0,512.0
3.0,48f3354140ebd4f7a85fee11f6337580.jpg,GARBAGE,1342.0,1192.0,716.0,604.0
4.0,613263c6200892826c15e7f359a1d32e.jpg,CONSTRUCTION_ROAD,714.0,146.0,548.0,222.0
4.0,613263c6200892826c15e7f359a1d32e.jpg,CONSTRUCTION_ROAD,382.0,-32.0,562.0,254.0
4.0,613263c6200892826c15e7f359a1d32e.jpg,CONSTRUCTION_ROAD,1562.0,1088.0,638.0,114.0
4.0,613263c6200892826c15e7f359a1d32e.jpg,CONSTRUCTION_ROAD,1962.0,1290.0,1020.0,24.0
2.0,bd1d3f1437e8930416cdf64e1b2141c9.jpg,POTHOLES,1530.0,1018.0,738.0,450.0
0.0,87e10560916fbbb090187f6ede6a6036.jpg,GRAFFITI,444.0,324.0,350.0,238.0
0.0,87e10560916fbbb090187f6ede6a6036.jpg,GRAFFITI,720.0,484.0,362.0,252.0
3.0,7537eb66d6ae2c54f8d0631c5294515c.jpg,GARBAGE,624.0,-58.0,422.0,64.0
3.0,7537eb66d6ae2c54f8d0631c5294515c.jpg,GARBAGE,1062.0,886.0,556.0,26.0
3.0,0ae7702104c8b5936655ae8035636772.jpg,GARBAGE,730.0,610.0,512.0,412.0
9.0,aa6363a32625704d53967ef849c3a713.jpg,CLUTTER_SIDEWALK,662.0,284.0,446.0,352.0
9.0,aa6363a32625704d53967ef849c3a713.jpg,CLUTTER_SIDEWALK,504.0,-56.0,560.0,322.0
9.0,ce3b9d13decb2f608cff3cf544afefad.jpg,CLUTTER_SIDEWALK,842.0,-172.0,862.0,466.0
9.0,ce3b9d13decb2f608cff3cf544afefad.jpg,CLUTTER_SIDEWALK,1998.0,596.0,884.0,432.0
3.0,ce3b9d13decb2f608cff3cf544afefad.jpg,GARBAGE,1184.0,714.0,730.0,566.0
3.0,2cee98ddfc2c71bbdd4f963fed7da084.jpg,GARBAGE,882.0,772.0,570.0,472.0
3.0,2cee98ddfc2c71bbdd4f963fed7da084.jpg,GARBAGE,808.0,674.0,576.0,484.0
3.0,41d03737660fb8335694ac349a81e3b6.jpg,GARBAGE,642.0,466.0,516.0,394.0
4.0,41d03737660fb8335694ac349a81e3b6.jpg,CONSTRUCTION_ROAD,2012.0,1116.0,864.0,82.0
4.0,41d03737660fb8335694ac349a81e3b6.jpg,CONSTRUCTION_ROAD,1420.0,982.0,664.0,184.0
4.0,41d03737660fb8335694ac349a81e3b6.jpg,CONSTRUCTION_ROAD,1144.0,868.0,530.0,270.0
4.0,41d03737660fb8335694ac349a81e3b6.jpg,CONSTRUCTION_ROAD,1002.0,614.0,528.0,270.0
4.0,41d03737660fb8335694ac349a81e3b6.jpg,CONSTRUCTION_ROAD,792.0,504.0,468.0,302.0
4.0,41d03737660fb8335694ac349a81e3b6.jpg,CONSTRUCTION_ROAD,504.0,278.0,568.0,270.0
4.0,41d03737660fb8335694ac349a81e3b6.jpg,CONSTRUCTION_ROAD,432.0,118.0,598.0,306.0
4.0,41d03737660fb8335694ac349a81e3b6.jpg,CONSTRUCTION_ROAD,270.0,-68.0,678.0,258.0
0.0,a5850bccfb45b2e9258494e77585641c.jpg,GRAFFITI,1332.0,1174.0,452.0,330.0
2.0,9dda4540ac234d1ad163a134daee24cd.jpg,POTHOLES,1144.0,794.0,670.0,408.0
2.0,9dda4540ac234d1ad163a134daee24cd.jpg,POTHOLES,1492.0,1088.0,684.0,480.0
2.0,9dda4540ac234d1ad163a134daee24cd.jpg,POTHOLES,1764.0,1312.0,696.0,456.0
3.0,2c3d8550855ef07ae41f97e7154a1a7f.jpg,GARBAGE,430.0,322.0,490.0,390.0
9.0,f8833939f122b18cb9ca6182ee26d313.jpg,CLUTTER_SIDEWALK,1360.0,-262.0,1222.0,460.0
9.0,f8833939f122b18cb9ca6182ee26d313.jpg,CLUTTER_SIDEWALK,2032.0,756.0,1176.0,502.0
3.0,f8833939f122b18cb9ca6182ee26d313.jpg,GARBAGE,836.0,704.0,376.0,300.0
3.0,f8833939f122b18cb9ca6182ee26d313.jpg,GARBAGE,734.0,568.0,418.0,336.0
3.0,f8833939f122b18cb9ca6182ee26d313.jpg,GARBAGE,1484.0,1298.0,434.0,336.0
3.0,f8833939f122b18cb9ca6182ee26d313.jpg,GARBAGE,1342.0,1220.0,418.0,334.0
3.0,f8833939f122b18cb9ca6182ee26d313.jpg,GARBAGE,774.0,528.0,1102.0,892.0
7.0,b71fef42b0da59d52c87af54b3151c29.jpg,BAD_BILLBOARD,1678.0,1366.0,290.0,96.0
7.0,b71fef42b0da59d52c87af54b3151c29.jpg,BAD_BILLBOARD,1140.0,1060.0,384.0,324.0
10.0,206fa8aa9d206dbb81a0af51fb9fe706.jpg,UNKEPT_FACADE,522.0,214.0,354.0,76.0
10.0,206fa8aa9d206dbb81a0af51fb9fe706.jpg,UNKEPT_FACADE,386.0,-70.0,456.0,184.0
3.0,011bccfbe1b4e9add18b4e9e1165ca2d.jpg,GARBAGE,518.0,200.0,812.0,672.0
3.0,4e6054361f69a3be38fba56d56964532.jpg,GARBAGE,1824.0,1602.0,584.0,462.0
3.0,c492b611732e3a55402dc5d1316857c6.jpg,GARBAGE,1220.0,1030.0,456.0,334.0
3.0,c492b611732e3a55402dc5d1316857c6.jpg,GARBAGE,1970.0,1670.0,440.0,234.0
2.0,c492b611732e3a55402dc5d1316857c6.jpg,POTHOLES,1252.0,938.0,1038.0,622.0
2.0,c492b611732e3a55402dc5d1316857c6.jpg,POTHOLES,1192.0,954.0,654.0,442.0
2.0,c492b611732e3a55402dc5d1316857c6.jpg,POTHOLES,800.0,568.0,576.0,394.0
2.0,c492b611732e3a55402dc5d1316857c6.jpg,POTHOLES,654.0,376.0,578.0,418.0
2.0,c492b611732e3a55402dc5d1316857c6.jpg,POTHOLES,1862.0,1334.0,1118.0,826.0
2.0,f44bea67dd5c663b891f1864d357f244.jpg,POTHOLES,826.0,312.0,1054.0,698.0
3.0,312c995f59aa2e2560e6bfa6ab7e10e5.jpg,GARBAGE,1798.0,1634.0,630.0,538.0
3.0,312c995f59aa2e2560e6bfa6ab7e10e5.jpg,GARBAGE,1118.0,1044.0,378.0,300.0
3.0,6459153790b6a5a4f10e517c1fe5e299.jpg,GARBAGE,610.0,384.0,542.0,386.0
3.0,6459153790b6a5a4f10e517c1fe5e299.jpg,GARBAGE,928.0,628.0,734.0,564.0
3.0,6459153790b6a5a4f10e517c1fe5e299.jpg,GARBAGE,1100.0,864.0,720.0,572.0
3.0,2aec475f39ee8b82d301c34c409e260a.jpg,GARBAGE,870.0,592.0,516.0,378.0
4.0,9fddf1c980496ffa3422df4bd19addd8.jpg,CONSTRUCTION_ROAD,1248.0,1014.0,476.0,348.0
7.0,9fddf1c980496ffa3422df4bd19addd8.jpg,BAD_BILLBOARD,1798.0,1366.0,262.0,8.0
3.0,9fddf1c980496ffa3422df4bd19addd8.jpg,GARBAGE,782.0,664.0,494.0,416.0
7.0,9003c95786473e7700d5ec58e3e8dc9d.jpg,BAD_BILLBOARD,1564.0,1234.0,106.0,0.0
7.0,9003c95786473e7700d5ec58e3e8dc9d.jpg,BAD_BILLBOARD,1458.0,1282.0,196.0,76.0
7.0,9003c95786473e7700d5ec58e3e8dc9d.jpg,BAD_BILLBOARD,1604.0,1464.0,240.0,82.0
3.0,59c381218eee247398087a0d8a5052cd.jpg,GARBAGE,1076.0,718.0,738.0,464.0
3.0,59c381218eee247398087a0d8a5052cd.jpg,GARBAGE,1986.0,1630.0,736.0,504.0
3.0,59c381218eee247398087a0d8a5052cd.jpg,GARBAGE,1730.0,1534.0,570.0,462.0
3.0,8f1e5e351b73cbed5a015f636cf57792.jpg,GARBAGE,1140.0,792.0,422.0,276.0
3.0,8f1e5e351b73cbed5a015f636cf57792.jpg,GARBAGE,1154.0,878.0,668.0,464.0
3.0,8f1e5e351b73cbed5a015f636cf57792.jpg,GARBAGE,1496.0,1176.0,586.0,304.0
3.0,8f1e5e351b73cbed5a015f636cf57792.jpg,GARBAGE,886.0,640.0,444.0,298.0
3.0,8f1e5e351b73cbed5a015f636cf57792.jpg,GARBAGE,590.0,398.0,448.0,300.0
3.0,8f1e5e351b73cbed5a015f636cf57792.jpg,GARBAGE,458.0,316.0,484.0,348.0
2.0,2e4a30d42d68ec632cdd46866dac2896.jpg,POTHOLES,1606.0,1214.0,796.0,468.0
2.0,2e4a30d42d68ec632cdd46866dac2896.jpg,POTHOLES,1328.0,960.0,858.0,570.0
2.0,2e4a30d42d68ec632cdd46866dac2896.jpg,POTHOLES,1048.0,766.0,742.0,504.0
2.0,2e4a30d42d68ec632cdd46866dac2896.jpg,POTHOLES,1114.0,678.0,934.0,588.0
2.0,2e4a30d42d68ec632cdd46866dac2896.jpg,POTHOLES,922.0,420.0,1056.0,712.0
2.0,85c6e202beef5ccad12db772e3a303c0.jpg,POTHOLES,1158.0,708.0,1038.0,738.0
2.0,85c6e202beef5ccad12db772e3a303c0.jpg,POTHOLES,1350.0,880.0,1146.0,828.0
3.0,977723a9e0c17814d649925a78e040bf.jpg,GARBAGE,1212.0,1094.0,530.0,434.0
0.0,60bc5cc2a1a25c6177b6e813f567c53a.jpg,GRAFFITI,286.0,-56.0,580.0,298.0
4.0,931e57eeb1af10f00c6bfbc610929178.jpg,CONSTRUCTION_ROAD,1356.0,730.0,544.0,290.0
3.0,faabaef44d0c7479f489bc9acf86554e.jpg,GARBAGE,772.0,638.0,420.0,312.0
3.0,faabaef44d0c7479f489bc9acf86554e.jpg,GARBAGE,1488.0,1350.0,448.0,324.0
3.0,faabaef44d0c7479f489bc9acf86554e.jpg,GARBAGE,1318.0,1152.0,454.0,320.0
3.0,faabaef44d0c7479f489bc9acf86554e.jpg,GARBAGE,344.0,260.0,412.0,320.0
3.0,c3efa13d38ce663a8648fd405dcd0aa6.jpg,GARBAGE,1800.0,1634.0,810.0,690.0
3.0,367f206b56e88bbee943c85d716df329.jpg,GARBAGE,626.0,426.0,560.0,430.0
3.0,367f206b56e88bbee943c85d716df329.jpg,GARBAGE,902.0,750.0,468.0,394.0
7.0,1d6027f5ee04958c309b55668e94913a.jpg,BAD_BILLBOARD,1780.0,1508.0,472.0,326.0
9.0,8a15b4a528b0cc394ee62e969afbe131.jpg,CLUTTER_SIDEWALK,446.0,-66.0,534.0,444.0
9.0,8a15b4a528b0cc394ee62e969afbe131.jpg,CLUTTER_SIDEWALK,650.0,314.0,522.0,416.0
3.0,8a15b4a528b0cc394ee62e969afbe131.jpg,GARBAGE,368.0,186.0,628.0,490.0
2.0,9222492de4b39e7aebe4b12e2d4ecdc5.jpg,POTHOLES,870.0,322.0,528.0,328.0
2.0,9222492de4b39e7aebe4b12e2d4ecdc5.jpg,POTHOLES,1068.0,646.0,830.0,550.0
2.0,9222492de4b39e7aebe4b12e2d4ecdc5.jpg,POTHOLES,1668.0,944.0,776.0,464.0
2.0,9222492de4b39e7aebe4b12e2d4ecdc5.jpg,POTHOLES,890.0,390.0,1022.0,714.0
3.0,9222492de4b39e7aebe4b12e2d4ecdc5.jpg,GARBAGE,1696.0,1450.0,468.0,260.0
3.0,9222492de4b39e7aebe4b12e2d4ecdc5.jpg,GARBAGE,1886.0,1722.0,404.0,236.0
8.0,9222492de4b39e7aebe4b12e2d4ecdc5.jpg,SAND_ON_ROAD,1918.0,1588.0,480.0,222.0
8.0,9222492de4b39e7aebe4b12e2d4ecdc5.jpg,SAND_ON_ROAD,1572.0,1196.0,452.0,246.0
8.0,9222492de4b39e7aebe4b12e2d4ecdc5.jpg,SAND_ON_ROAD,1320.0,1116.0,380.0,270.0
9.0,3fc4a68c5ad1162bfe0740da88c600f6.jpg,CLUTTER_SIDEWALK,452.0,-98.0,606.0,288.0
9.0,3fc4a68c5ad1162bfe0740da88c600f6.jpg,CLUTTER_SIDEWALK,1848.0,334.0,678.0,318.0
3.0,3fc4a68c5ad1162bfe0740da88c600f6.jpg,GARBAGE,254.0,136.0,510.0,434.0
3.0,3fc4a68c5ad1162bfe0740da88c600f6.jpg,GARBAGE,1254.0,1084.0,542.0,460.0
7.0,4b9b76f898a7c54e5f82a5666dc9cd22.jpg,BAD_BILLBOARD,294.0,-72.0,406.0,36.0
3.0,4b9b76f898a7c54e5f82a5666dc9cd22.jpg,GARBAGE,1172.0,998.0,836.0,728.0
7.0,2f30b89741614346bdd9536834b57d7b.jpg,BAD_BILLBOARD,1578.0,1406.0,406.0,296.0
9.0,ff92ae5b99a3235f23695a1298b9fa70.jpg,CLUTTER_SIDEWALK,1162.0,-138.0,1204.0,430.0
9.0,ff92ae5b99a3235f23695a1298b9fa70.jpg,CLUTTER_SIDEWALK,2034.0,666.0,1126.0,420.0
5.0,3eedeecd55ba1423abe288c3a3fdc426.jpg,BROKEN_SIGNAGE,1998.0,1544.0,742.0,550.0
3.0,f701a83fe46b0b73ec74b954410fda4d.jpg,GARBAGE,1522.0,1314.0,564.0,454.0
3.0,f701a83fe46b0b73ec74b954410fda4d.jpg,GARBAGE,1016.0,900.0,568.0,448.0
9.0,1f494101e3f5f08c00b5adc55bfc36db.jpg,CLUTTER_SIDEWALK,1176.0,268.0,768.0,580.0
0.0,8a88e365f7269123d623fc4aada8e24d.jpg,GRAFFITI,1994.0,1644.0,534.0,328.0
0.0,8a88e365f7269123d623fc4aada8e24d.jpg,GRAFFITI,1890.0,1578.0,560.0,398.0
2.0,bea3beff398f7cefcabf324f8a303d8e.jpg,POTHOLES,692.0,348.0,878.0,564.0
2.0,bea3beff398f7cefcabf324f8a303d8e.jpg,POTHOLES,1000.0,784.0,730.0,462.0
3.0,ac2bdfc0cc163bbe17cd2ff8e6fd7ee5.jpg,GARBAGE,318.0,122.0,516.0,354.0
3.0,ac2bdfc0cc163bbe17cd2ff8e6fd7ee5.jpg,GARBAGE,412.0,242.0,548.0,448.0
3.0,ac2bdfc0cc163bbe17cd2ff8e6fd7ee5.jpg,GARBAGE,534.0,336.0,566.0,404.0
3.0,ac2bdfc0cc163bbe17cd2ff8e6fd7ee5.jpg,GARBAGE,1782.0,1556.0,534.0,404.0
0.0,ac2bdfc0cc163bbe17cd2ff8e6fd7ee5.jpg,GRAFFITI,396.0,-98.0,382.0,186.0
9.0,0ab5f928355f3480a1922dbfde1521f0.jpg,CLUTTER_SIDEWALK,946.0,-252.0,666.0,416.0
9.0,0ab5f928355f3480a1922dbfde1521f0.jpg,CLUTTER_SIDEWALK,1768.0,1208.0,600.0,440.0
2.0,589863b968a4c6e2fc5e5f3390c548e4.jpg,POTHOLES,1532.0,1196.0,1060.0,720.0
3.0,589863b968a4c6e2fc5e5f3390c548e4.jpg,GARBAGE,770.0,618.0,480.0,360.0
4.0,9c9c758e90a794094509e1fc7be0e582.jpg,CONSTRUCTION_ROAD,824.0,226.0,656.0,434.0
4.0,9c9c758e90a794094509e1fc7be0e582.jpg,CONSTRUCTION_ROAD,1186.0,606.0,624.0,448.0
4.0,9c9c758e90a794094509e1fc7be0e582.jpg,CONSTRUCTION_ROAD,1642.0,992.0,642.0,440.0
4.0,9c9c758e90a794094509e1fc7be0e582.jpg,CONSTRUCTION_ROAD,514.0,-130.0,830.0,420.0
9.0,c2498485520aad3714e041e38288df5c.jpg,CLUTTER_SIDEWALK,1100.0,110.0,754.0,418.0
9.0,c2498485520aad3714e041e38288df5c.jpg,CLUTTER_SIDEWALK,1740.0,808.0,696.0,434.0
3.0,6d9666652ae8815e62a817bc7c18b522.jpg,GARBAGE,1332.0,1074.0,462.0,330.0
3.0,6d9666652ae8815e62a817bc7c18b522.jpg,GARBAGE,1046.0,930.0,454.0,364.0
3.0,6d9666652ae8815e62a817bc7c18b522.jpg,GARBAGE,944.0,808.0,462.0,346.0
3.0,6d9666652ae8815e62a817bc7c18b522.jpg,GARBAGE,370.0,244.0,916.0,788.0
3.0,6d9666652ae8815e62a817bc7c18b522.jpg,GARBAGE,1238.0,1110.0,690.0,590.0
3.0,6d9666652ae8815e62a817bc7c18b522.jpg,GARBAGE,158.0,2.0,490.0,340.0
3.0,7f21e10a4bc5bcc04b917fa7eb05bd90.jpg,GARBAGE,1670.0,1520.0,710.0,600.0
3.0,7f21e10a4bc5bcc04b917fa7eb05bd90.jpg,GARBAGE,1520.0,1410.0,710.0,598.0
8.0,e25504419a506119a04982130738469a.jpg,SAND_ON_ROAD,398.0,-84.0,608.0,338.0
8.0,e25504419a506119a04982130738469a.jpg,SAND_ON_ROAD,1300.0,1138.0,584.0,464.0
3.0,e25504419a506119a04982130738469a.jpg,GARBAGE,1196.0,1008.0,564.0,430.0
4.0,8d71a1964aaf3eddf2a18436cbc3269d.jpg,CONSTRUCTION_ROAD,850.0,-202.0,730.0,282.0
4.0,8d71a1964aaf3eddf2a18436cbc3269d.jpg,CONSTRUCTION_ROAD,1414.0,368.0,744.0,326.0
4.0,8d71a1964aaf3eddf2a18436cbc3269d.jpg,CONSTRUCTION_ROAD,1928.0,1096.0,720.0,412.0
3.0,7f6661aefa4b74a7eb1d6c089c7de6f3.jpg,GARBAGE,1862.0,1120.0,772.0,376.0
0.0,f6439adc4faa188d4ba30d40296f7e5c.jpg,GRAFFITI,1356.0,1084.0,368.0,84.0
0.0,f6439adc4faa188d4ba30d40296f7e5c.jpg,GRAFFITI,1600.0,1182.0,652.0,-90.0
0.0,f6439adc4faa188d4ba30d40296f7e5c.jpg,GRAFFITI,1962.0,1324.0,204.0,-28.0
0.0,f6439adc4faa188d4ba30d40296f7e5c.jpg,GRAFFITI,2112.0,1208.0,610.0,8.0
8.0,032b0e607983cc26c5f3b5c427fcc09b.jpg,SAND_ON_ROAD,1124.0,784.0,538.0,340.0
8.0,032b0e607983cc26c5f3b5c427fcc09b.jpg,SAND_ON_ROAD,692.0,58.0,918.0,322.0
3.0,d1bdc3781cd9fa4c3b6be916bc3a1198.jpg,GARBAGE,556.0,402.0,562.0,460.0
3.0,d1bdc3781cd9fa4c3b6be916bc3a1198.jpg,GARBAGE,322.0,244.0,544.0,468.0
3.0,d1bdc3781cd9fa4c3b6be916bc3a1198.jpg,GARBAGE,1566.0,1074.0,608.0,438.0
3.0,d1bdc3781cd9fa4c3b6be916bc3a1198.jpg,GARBAGE,958.0,830.0,572.0,440.0
4.0,5ec9b6671814ec4e161c756cb834c91d.jpg,CONSTRUCTION_ROAD,878.0,712.0,518.0,420.0
4.0,5ec9b6671814ec4e161c756cb834c91d.jpg,CONSTRUCTION_ROAD,838.0,532.0,588.0,420.0
7.0,a1248a9e4e5500fe03d6aadc3cbbe146.jpg,BAD_BILLBOARD,586.0,366.0,336.0,262.0
7.0,a1248a9e4e5500fe03d6aadc3cbbe146.jpg,BAD_BILLBOARD,526.0,6.0,340.0,172.0
3.0,32283ee371f1eac385c6c3f89aac06fb.jpg,GARBAGE,410.0,108.0,390.0,268.0
2.0,f0f03685f497e3a3b863e3960b38347a.jpg,POTHOLES,1306.0,1084.0,630.0,476.0
2.0,f0f03685f497e3a3b863e3960b38347a.jpg,POTHOLES,1498.0,1216.0,808.0,564.0
3.0,f0f03685f497e3a3b863e3960b38347a.jpg,GARBAGE,352.0,162.0,760.0,610.0
3.0,f0f03685f497e3a3b863e3960b38347a.jpg,GARBAGE,1886.0,1472.0,1114.0,852.0
3.0,0e83c9b5dd9ea8b038dd39bc6598e0b6.jpg,GARBAGE,972.0,898.0,458.0,370.0
3.0,0e83c9b5dd9ea8b038dd39bc6598e0b6.jpg,GARBAGE,1432.0,1326.0,548.0,478.0
7.0,0e83c9b5dd9ea8b038dd39bc6598e0b6.jpg,BAD_BILLBOARD,1286.0,1032.0,272.0,158.0
7.0,ea9b1f7345b6f3f9baaab26812bfd69f.jpg,BAD_BILLBOARD,1890.0,1434.0,340.0,70.0
3.0,6b9e2cb26aa18a21320077d76376247f.jpg,GARBAGE,652.0,440.0,478.0,378.0
3.0,6b9e2cb26aa18a21320077d76376247f.jpg,GARBAGE,508.0,374.0,466.0,376.0
9.0,256fc1d6785cd8800915ac4a81988101.jpg,CLUTTER_SIDEWALK,372.0,-38.0,890.0,606.0
3.0,256fc1d6785cd8800915ac4a81988101.jpg,GARBAGE,690.0,570.0,938.0,862.0
2.0,c32ce5ebb3e62c92c82891a9090ab433.jpg,POTHOLES,970.0,514.0,566.0,254.0
2.0,c32ce5ebb3e62c92c82891a9090ab433.jpg,POTHOLES,740.0,264.0,576.0,270.0
2.0,c32ce5ebb3e62c92c82891a9090ab433.jpg,POTHOLES,630.0,-120.0,734.0,164.0
3.0,c5b0aa151b1c8e4956bf9576173071c1.jpg,GARBAGE,938.0,828.0,514.0,352.0
3.0,c5b0aa151b1c8e4956bf9576173071c1.jpg,GARBAGE,836.0,706.0,490.0,352.0
3.0,c5b0aa151b1c8e4956bf9576173071c1.jpg,GARBAGE,1500.0,1340.0,406.0,268.0
3.0,d2dab9e22bec46a8ee0b7ce814b43660.jpg,GARBAGE,1146.0,910.0,502.0,324.0
3.0,d2dab9e22bec46a8ee0b7ce814b43660.jpg,GARBAGE,904.0,722.0,484.0,274.0
3.0,d2dab9e22bec46a8ee0b7ce814b43660.jpg,GARBAGE,1036.0,830.0,406.0,288.0
3.0,aef381bd8dd75bca62c15b98ef50bb0d.jpg,GARBAGE,290.0,34.0,766.0,640.0
7.0,1b8005fedf7000ff2b4722f194cfd30a.jpg,BAD_BILLBOARD,1320.0,1204.0,378.0,290.0
7.0,1b8005fedf7000ff2b4722f194cfd30a.jpg,BAD_BILLBOARD,232.0,30.0,346.0,252.0
7.0,1b8005fedf7000ff2b4722f194cfd30a.jpg,BAD_BILLBOARD,326.0,178.0,382.0,310.0
3.0,3515cf920ef009354faf35ba79e42b66.jpg,GARBAGE,1564.0,1414.0,578.0,418.0
7.0,1461d3b4d16a4a3cdd63566804f133e5.jpg,BAD_BILLBOARD,1804.0,1520.0,342.0,216.0
2.0,c7afab15eae429992909fb84a1e59aae.jpg,POTHOLES,1032.0,812.0,586.0,408.0
3.0,c7afab15eae429992909fb84a1e59aae.jpg,GARBAGE,1012.0,874.0,562.0,472.0
9.0,0cf652a0de06363dd078b39b5e46403f.jpg,CLUTTER_SIDEWALK,1442.0,-298.0,1004.0,298.0
9.0,0cf652a0de06363dd078b39b5e46403f.jpg,CLUTTER_SIDEWALK,1722.0,830.0,966.0,336.0
3.0,0cf652a0de06363dd078b39b5e46403f.jpg,GARBAGE,1840.0,1374.0,796.0,512.0
3.0,0cf652a0de06363dd078b39b5e46403f.jpg,GARBAGE,1568.0,1034.0,782.0,536.0
2.0,a0e9dfc8b7d30559e832dcf9d59fee82.jpg,POTHOLES,1164.0,930.0,602.0,416.0
2.0,a0e9dfc8b7d30559e832dcf9d59fee82.jpg,POTHOLES,988.0,630.0,638.0,388.0
3.0,c903a0c04547c363a086a16429befca1.jpg,GARBAGE,1344.0,978.0,748.0,556.0
3.0,c903a0c04547c363a086a16429befca1.jpg,GARBAGE,548.0,380.0,688.0,576.0
3.0,b397882a73a42edc945d7526b8b19f5e.jpg,GARBAGE,1724.0,1518.0,668.0,492.0
3.0,b397882a73a42edc945d7526b8b19f5e.jpg,GARBAGE,1594.0,1432.0,652.0,518.0
3.0,b397882a73a42edc945d7526b8b19f5e.jpg,GARBAGE,1288.0,1176.0,622.0,532.0
3.0,b397882a73a42edc945d7526b8b19f5e.jpg,GARBAGE,886.0,718.0,586.0,496.0
3.0,b397882a73a42edc945d7526b8b19f5e.jpg,GARBAGE,1032.0,914.0,620.0,514.0
7.0,1af42db6db046485b58bc48aeeea22c5.jpg,BAD_BILLBOARD,802.0,258.0,368.0,56.0
7.0,1af42db6db046485b58bc48aeeea22c5.jpg,BAD_BILLBOARD,966.0,584.0,330.0,78.0
7.0,0a39d1bcea61bb0a20eba63f76c66eb3.jpg,BAD_BILLBOARD,2230.0,476.0,862.0,-244.0
3.0,9dbeac8716d8d4b1d33357ddd032d8bd.jpg,GARBAGE,356.0,188.0,582.0,410.0
8.0,9dbeac8716d8d4b1d33357ddd032d8bd.jpg,SAND_ON_ROAD,1822.0,1446.0,610.0,380.0
2.0,8a9993eecf79de4d73214a5469060942.jpg,POTHOLES,1670.0,1196.0,872.0,588.0
2.0,8a9993eecf79de4d73214a5469060942.jpg,POTHOLES,1910.0,1534.0,856.0,610.0
0.0,99046bfc0afe764bd54728ca948b61ac.jpg,GRAFFITI,1144.0,838.0,406.0,214.0
3.0,2dc476af045aee0c0317402bfa4513fa.jpg,GARBAGE,934.0,350.0,870.0,598.0
3.0,2dc476af045aee0c0317402bfa4513fa.jpg,GARBAGE,590.0,-150.0,948.0,680.0
3.0,2dc476af045aee0c0317402bfa4513fa.jpg,GARBAGE,352.0,100.0,830.0,682.0
9.0,2dc476af045aee0c0317402bfa4513fa.jpg,CLUTTER_SIDEWALK,1624.0,-356.0,1040.0,566.0
3.0,2dc476af045aee0c0317402bfa4513fa.jpg,GARBAGE,1092.0,784.0,1098.0,934.0
4.0,7b9d3cffe186e48b5fcf2938f66dd5a2.jpg,CONSTRUCTION_ROAD,778.0,14.0,566.0,276.0
4.0,7b9d3cffe186e48b5fcf2938f66dd5a2.jpg,CONSTRUCTION_ROAD,1264.0,636.0,544.0,304.0
4.0,7b9d3cffe186e48b5fcf2938f66dd5a2.jpg,CONSTRUCTION_ROAD,1872.0,990.0,568.0,306.0
3.0,d20c1ae78e32dd6be8427f8ad1c8b7a2.jpg,GARBAGE,846.0,694.0,478.0,374.0
3.0,d20c1ae78e32dd6be8427f8ad1c8b7a2.jpg,GARBAGE,778.0,652.0,478.0,370.0
8.0,d20c1ae78e32dd6be8427f8ad1c8b7a2.jpg,SAND_ON_ROAD,920.0,784.0,480.0,334.0
3.0,25a8fdcd8e85f9a432fbce1280cb83ed.jpg,GARBAGE,1118.0,802.0,882.0,560.0
3.0,25a8fdcd8e85f9a432fbce1280cb83ed.jpg,GARBAGE,1264.0,942.0,854.0,538.0
3.0,25a8fdcd8e85f9a432fbce1280cb83ed.jpg,GARBAGE,918.0,424.0,924.0,704.0
3.0,25a8fdcd8e85f9a432fbce1280cb83ed.jpg,GARBAGE,532.0,440.0,808.0,736.0
3.0,25a8fdcd8e85f9a432fbce1280cb83ed.jpg,GARBAGE,606.0,206.0,828.0,620.0
3.0,25a8fdcd8e85f9a432fbce1280cb83ed.jpg,GARBAGE,744.0,580.0,750.0,596.0
3.0,25a8fdcd8e85f9a432fbce1280cb83ed.jpg,GARBAGE,1930.0,1698.0,832.0,724.0
